epc,phase,x,angle
E2003065410401880350EEDA,5.63891337626762,0.0240000002086163,0
E2003065410401880350EEDA,5.58982599105528,0.0240000002086163,0
E2003065410401880350EEDA,5.56528229844911,0.0240000002086163,0.0181838441640139
E2003065410401880350EEDA,5.61436968366145,0.0240000002086163,0.109822623431683
E2003065410401880350EEDA,5.61436968366145,0.0240000002086163,0.473001599311829
E2003065410401880350EEDA,5.6511852225707,0.0240000002086163,5.83515024185181
E2003065410401880350EEDA,5.6511852225707,0.0240000002086163,8.88373756408691
E2003065410401880350EEDA,5.60209783735836,0.0240000002086163,13.8137035369873
E2003065410401880350EEDA,5.57755414475219,0.0240000002086163,17.8910884857178
E2003065410401880350EEDA,5.62050560681299,0.0240000002086163,24.4373111724854
E2003065410401880350EEDA,5.65732114572224,0.0240000002086163,29.2262649536133
E2003065410401880350EEDA,5.63891337626762,0.0240000002086163,36.715015411377
E2003065410401880350EEDA,5.70027260778304,0.0240000002086163,43.6033973693848
E2003065410401880350EEDA,5.71254445408613,0.0240000002086163,53.7739601135254
E2003065410401880350EEDA,5.65732114572224,0.0240000002086163,62.4479064941406
E2003065410401880350EEDA,5.63277745311607,0.0240000002086163,73.6678771972656
E2003065410401880350EEDA,5.64504929941916,0.0240000002086163,81.4180755615234
E2003065410401880350EEDA,5.6082337605099,0.0240000002086163,91.4314880371094
E2003065410401880350EEDA,5.66345706887379,0.0240000002086163,100.146347045898
E2003065410401880350EEDA,5.66345706887379,0.0240000002086163,110.764778137207
E2003065410401880350EEDA,5.75549591614693,0.0240000002086163,118.249137878418
E2003065410401880350EEDA,5.66345706887379,0.0240000002086163,129.23420715332
E2003065410401880350EEDA,5.65732114572224,0.0240000002086163,137.70231628418
E2003065410401880350EEDA,5.70640853093458,0.0240000002086163,147.239273071289
E2003065410401880350EEDA,5.6941366846315,0.0240000002086163,154.582138061523
E2003065410401880350EEDA,5.66959299202533,0.0240000002086163,166.269683837891
E2003065410401880350EEDA,5.75549591614693,0.0240000002086163,174.994979858398
E2003065410401880350EEDA,5.70640853093458,0.0240000002086163,184.56169128418
E2003065410401880350EEDA,5.66345706887379,0.0240000002086163,192.892562866211
E2003065410401880350EEDA,5.66345706887379,0.0240000002086163,202.921569824219
E2003065410401880350EEDA,5.70640853093458,0.0240000002086163,212.282470703125
E2003065410401880350EEDA,5.72481630038921,0.0240000002086163,222.372161865234
E2003065410401880350EEDA,5.7370881466923,0.0240000002086163,231.951034545898
E2003065410401880350EEDA,5.78617553190464,0.0240000002086163,242.244445800781
E2003065410401880350EEDA,5.77390368560155,0.0240000002086163,250.284881591797
E2003065410401880350EEDA,5.7800396087531,0.0240000002086163,259.496765136719
E2003065410401880350EEDA,5.81071922451081,0.0240000002086163,267.281555175781
E2003065410401880350EEDA,5.79231145505618,0.0240000002086163,278.212921142578
E2003065410401880350EEDA,5.70027260778304,0.0240000002086163,286.885192871094
E2003065410401880350EEDA,5.85367068657161,0.0240000002086163,298.175384521484
E2003065410401880350EEDA,5.79844737820772,0.0240000002086163,306.460632324219
E2003065410401880350EEDA,5.78617553190464,0.0240000002086163,317.005615234375
E2003065410401880350EEDA,5.83526291711698,0.0240000002086163,325.269714355469
E2003065410401880350EEDA,5.85980660972315,0.0240000002086163,336.334167480469
E2003065410401880350EEDA,5.84753476342006,0.0240000002086163,344.184356689453
E2003065410401880350EEDA,5.85980660972315,0.0240000002086163,354.635070800781
E2003065410401880350EEDA,5.87207845602623,0.0240000002086163,362.109741210938
E2003065410401880350EEDA,5.87821437917778,0.0240000002086163,373.477630615234
E2003065410401880350EEDA,5.85367068657161,0.0240000002086163,380.202789306641
E2003065410401880350EEDA,5.91502991808703,0.0240000002086163,391.580413818359
E2003065410401880350EEDA,5.89048622548086,0.0240000002086163,398.88427734375
E2003065410401880350EEDA,5.92116584123858,0.0240000002086163,410.51806640625
E2003065410401880350EEDA,5.93343768754166,0.0240000002086163,417.942718505859
E2003065410401880350EEDA,5.90889399493549,0.0240000002086163,428.448638916016
E2003065410401880350EEDA,5.91502991808703,0.0240000002086163,436.923919677734
E2003065410401880350EEDA,5.8966221486324,0.0240000002086163,448.2373046875
E2003065410401880350EEDA,5.9395736106932,0.0240000002086163,456.024230957031
E2003065410401880350EEDA,5.87207845602623,0.0240000002086163,468.503967285156
E2003065410401880350EEDA,5.92116584123858,0.0240000002086163,476.372772216797
E2003065410401880350EEDA,5.93343768754166,0.0240000002086163,485.722747802734
E2003065410401880350EEDA,5.92730176439012,0.0240000002086163,494.520050048828
E2003065410401880350EEDA,5.94570953384475,0.0240000002086163,510.701538085938
E2003065410401880350EEDA,5.89048622548086,0.0240000002086163,519.185302734375
E2003065410401880350EEDA,5.92116584123858,0.0240000002086163,529.432006835938
E2003065410401880350EEDA,5.92730176439012,0.0240000002086163,538.313049316406
E2003065410401880350EEDA,5.90275807178395,0.0240000002086163,548.709533691406
E2003065410401880350EEDA,5.9395736106932,0.0240000002086163,556.391540527344
E2003065410401880350EEDA,5.982525072754,0.0240000002086163,567.556701660156
E2003065410401880350EEDA,5.98866099590554,0.0240000002086163,576.288635253906
E2003065410401880350EEDA,6.00093284220863,0.0240000002086163,585.947692871094
E2003065410401880350EEDA,5.982525072754,0.0240000002086163,594.260437011719
E2003065410401880350EEDA,5.93343768754166,0.0240000002086163,605.200927734375
E2003065410401880350EEDA,5.97638914960246,0.0240000002086163,614.033935546875
E2003065410401880350EEDA,6.01320468851171,0.0240000002086163,622.871215820313
E2003065410401880350EEDA,6.00706876536017,0.0240000002086163,631.267333984375
E2003065410401880350EEDA,6.01934061166326,0.0240000002086163,642.00537109375
E2003065410401880350EEDA,6.01934061166326,0.0240000002086163,649.19873046875
E2003065410401880350EEDA,5.99479691905709,0.0240000002086163,659.974914550781
E2003065410401880350EEDA,6.01320468851171,0.0240000002086163,668.137939453125
E2003065410401880350EEDA,6.04388430426943,0.0240000002086163,680.469177246094
E2003065410401880350EEDA,6.00706876536017,0.0240000002086163,687.575073242188
E2003065410401880350EEDA,6.08069984317868,0.0240000002086163,698.852355957031
E2003065410401880350EEDA,6.0254765348148,0.0240000002086163,707.120056152344
E2003065410401880350EEDA,6.03774838111788,0.0240000002086163,717.608581542969
E2003065410401880350EEDA,6.04388430426943,0.0240000002086163,725.84423828125
E2003065410401880350EEDA,6.09297168948177,0.0240000002086163,736.396911621094
E2003065410401880350EEDA,6.0684279968756,0.0240000002086163,743.003967285156
E2003065410401880350EEDA,6.03774838111788,0.0240000002086163,754.104370117188
E2003065410401880350EEDA,6.09910761263331,0.0240000002086163,761.913330078125
E2003065410401880350EEDA,6.11751538208794,0.0240000002086163,773.242736816406
E2003065410401880350EEDA,6.11751538208794,0.0240000002086163,781.642578125
E2003065410401880350EEDA,6.09297168948177,0.0240000002086163,792.413635253906
E2003065410401880350EEDA,6.08683576633022,0.0240000002086163,800.542419433594
E2003065410401880350EEDA,6.12365130523948,0.0240000002086163,811.453796386719
E2003065410401880350EEDA,6.10524353578485,0.0240000002086163,819.317077636719
E2003065410401880350EEDA,6.16046684414874,0.0240000002086163,830.299865722656
E2003065410401880350EEDA,6.14205907469411,0.0240000002086163,838.200256347656
E2003065410401880350EEDA,6.15433092099719,0.0240000002086163,848.633666992188
E2003065410401880350EEDA,6.14205907469411,0.0240000002086163,856.983093261719
E2003065410401880350EEDA,6.17273869045182,0.0240000002086163,867.451354980469
E2003065410401880350EEDA,6.19728238305799,0.0240000002086163,875.429077148438
E2003065410401880350EEDA,6.17273869045182,0.0240000002086163,886.237609863281
E2003065410401880350EEDA,6.13592315154256,0.0240000002086163,894.9833984375
E2003065410401880350EEDA,6.14819499784565,0.0240000002086163,904.855346679688
E2003065410401880350EEDA,6.19728238305799,0.0240000002086163,913.620544433594
E2003065410401880350EEDA,6.19114645990645,0.0240000002086163,923.449462890625
E2003065410401880350EEDA,6.16660276730028,0.0240000002086163,931.919860839844
E2003065410401880350EEDA,6.22182607566416,0.0240000002086163,943.146057128906
E2003065410401880350EEDA,6.22182607566416,0.0240000002086163,951.413940429688
E2003065410401880350EEDA,6.19728238305799,0.0240000002086163,962.373840332031
E2003065410401880350EEDA,6.19728238305799,0.0240000002086163,969.443786621094
E2003065410401880350EEDA,6.23409792196725,0.0240000002086163,980.044677734375
E2003065410401880350EEDA,6.25864161457342,0.0240000002086163,987.691955566406
E2003065410401880350EEDA,6.26477753772496,0.0240000002086163,997.594970703125
E2003065410401880350EEDA,0.00613592315154232,0.0240000002086163,1006.93078613281
E2003065410401880350EEDA,6.2709134608765,0.0240000002086163,1017.68811035156
E2003065410401880350EEDA,6.26477753772496,0.0240000002086163,1026.05139160156
E2003065410401880350EEDA,6.26477753772496,0.0240000002086163,1036.06579589844
E2003065410401880350EEDA,6.28318530717959,0.0240000002086163,1044.55859375
E2003065410401880350EEDA,6.28318530717959,0.0240000002086163,1055.25012207031
E2003065410401880350EEDA,6.24636976827033,0.0240000002086163,1063.80456542969
E2003065410401880350EEDA,6.26477753772496,0.0240000002086163,1081.06860351563
E2003065410401880350EEDA,6.26477753772496,0.0240000002086163,1089.08435058594
E2003065410401880350EEDA,6.25864161457342,0.0240000002086163,1099.8779296875
E2003065410401880350EEDA,6.28318530717959,0.0240000002086163,1106.64282226563
E2003065410401880350EEDA,0.0122718463030855,0.0240000002086163,1117.72509765625
E2003065410401880350EEDA,0.0674951546669682,0.0240000002086163,1125.66174316406
E2003065410401880350EEDA,0.0613592315154259,0.0240000002086163,1136.31103515625
E2003065410401880350EEDA,0.0736310778185105,0.0240000002086163,1144.92224121094
E2003065410401880350EEDA,0.0552233083638827,0.0240000002086163,1154.92651367188
E2003065410401880350EEDA,0.00613592315154232,0.0240000002086163,1163.61853027344
E2003065410401880350EEDA,0.0490873852123404,0.0240000002086163,1174.72241210938
E2003065410401880350EEDA,0.0736310778185105,0.0240000002086163,1182.41101074219
E2003065410401880350EEDA,0.0613592315154259,0.0240000002086163,1194.01940917969
E2003065410401880350EEDA,0.0797670009700537,0.0240000002086163,1201.70495605469
E2003065410401880350EEDA,0.0797670009700537,0.0240000002086163,1212.62670898438
E2003065410401880350EEDA,0.0981747704246807,0.0240000002086163,1219.29406738281
E2003065410401880350EEDA,0.0613592315154259,0.0240000002086163,1229.01196289063
E2003065410401880350EEDA,0.0797670009700537,0.0240000002086163,1237.34985351563
E2003065410401880350EEDA,0.110446616727766,0.0240000002086163,1248.87170410156
E2003065410401880350EEDA,0.0797670009700537,0.0240000002086163,1257.3701171875
E2003065410401880350EEDA,0.0613592315154259,0.0240000002086163,1267.52526855469
E2003065410401880350EEDA,0.0859029241215961,0.0240000002086163,1276.81750488281
E2003065410401880350EEDA,0.122718463030851,0.0240000002086163,1286.97241210938
E2003065410401880350EEDA,0.116582539879309,0.0240000002086163,1295.12109375
E2003065410401880350EEDA,0.0797670009700537,0.0240000002086163,1305.92492675781
E2003065410401880350EEDA,0.159534001940107,0.0240000002086163,1314.060546875
E2003065410401880350EEDA,0.128854386182394,0.0240000002086163,1324.7763671875
E2003065410401880350EEDA,0.134990309333936,0.0240000002086163,1333.53527832031
E2003065410401880350EEDA,0.122718463030851,0.0240000002086163,1343.00048828125
E2003065410401880350EEDA,0.0981747704246807,0.0240000002086163,1349.59375
E2003065410401880350EEDA,0.110446616727766,0.0240000002086163,1361.2138671875
E2003065410401880350EEDA,0.116582539879309,0.0240000002086163,1369.12951660156
E2003065410401880350EEDA,0.0981747704246807,0.0240000002086163,1379.634765625
E2003065410401880350EEDA,0.116582539879309,0.0240000002086163,1388.39880371094
E2003065410401880350EEDA,0.153398078788564,0.0240000002086163,1399.19689941406
E2003065410401880350EEDA,0.122718463030851,0.0240000002086163,1407.12145996094
E2003065410401880350EEDA,0.134990309333936,0.0240000002086163,1418.09606933594
E2003065410401880350EEDA,0.116582539879309,0.0240000002086163,1426.0986328125
E2003065410401880350EEDA,0.128854386182394,0.0240000002086163,1438.01977539063
E2003065410401880350EEDA,0.110446616727766,0.0240000002086163,1444.93139648438
E2003065410401880350EEDA,0.122718463030851,0.0240000002086163,1455.19592285156
E2003065410401880350EEDA,0.147262155637022,0.0240000002086163,1462.92761230469
E2003065410401880350EEDA,0.159534001940107,0.0240000002086163,1472.93957519531
E2003065410401880350EEDA,0.122718463030851,0.0240000002086163,1480.83117675781
E2003065410401880350EEDA,0.116582539879309,0.0240000002086163,1492.84716796875
E2003065410401880350EEDA,0.104310693576224,0.0240000002086163,1500.29248046875
E2003065410401880350EEDA,0.0981747704246807,0.0240000002086163,1511.71765136719
E2003065410401880350EEDA,0.147262155637022,0.0240000002086163,1519.05969238281
E2003065410401880350EEDA,0.122718463030851,0.0240000002086163,1530.65270996094
E2003065410401880350EEDA,0.134990309333936,0.0240000002086163,1538.27905273438
E2003065410401880350EEDA,0.128854386182394,0.0240000002086163,1548.3564453125
E2003065410401880350EEDA,0.153398078788564,0.0240000002086163,1557.41589355469
E2003065410401880350EEDA,0.153398078788564,0.0240000002086163,1568.00122070313
E2003065410401880350EEDA,0.134990309333936,0.0240000002086163,1575.46020507813
E2003065410401880350EEDA,0.184077694546277,0.0240000002086163,1585.49475097656
E2003065410401880350EEDA,0.165669925091649,0.0240000002086163,1593.13854980469
E2003065410401880350EEDA,0.159534001940107,0.0240000002086163,1604.10241699219
E2003065410401880350EEDA,0.171805848243192,0.0240000002086163,1612.07373046875
E2003065410401880350EEDA,0.159534001940107,0.0240000002086163,1622.04370117188
E2003065410401880350EEDA,0.141126232485479,0.0240000002086163,1630.384765625
E2003065410401880350EEDA,0.165669925091649,0.0240000002086163,1643.70825195313
E2003065410401880350EEDA,0.177941771394734,0.0240000002086163,1652.14978027344
E2003065410401880350EEDA,0.171805848243192,0.0240000002086163,1663.26489257813
E2003065410401880350EEDA,0.134990309333936,0.0240000002086163,1672.22839355469
E2003065410401880350EEDA,0.177941771394734,0.0240000002086163,1681.06823730469
E2003065410401880350EEDA,0.171805848243192,0.0240000002086163,1689.79907226563
E2003065410401880350EEDA,0.208621387152447,0.0240000002086163,1700.17956542969
E2003065410401880350EEDA,0.134990309333936,0.0240000002086163,1708.24890136719
E2003065410401880350EEDA,0.116582539879309,0.0240000002086163,1718.10375976563
E2003065410401880350EEDA,0.153398078788564,0.0240000002086163,1726.22521972656
E2003065410401880350EEDA,0.141126232485479,0.0240000002086163,1737.537109375
E2003065410401880350EEDA,0.171805848243192,0.0240000002086163,1744.7958984375
E2003065410401880350EEDA,0.147262155637022,0.0240000002086163,1757.140625
E2003065410401880350EEDA,0.153398078788564,0.0240000002086163,1764.84606933594
E2003065410401880350EEDA,0.171805848243192,0.0240000002086163,1776.69848632813
E2003065410401880350EEDA,0.196349540849362,0.0240000002086163,1784.17468261719
E2003065410401880350EEDA,0.190213617697819,0.0240000002086163,1794.79528808594
E2003065410401880350EEDA,0.202485464000905,0.0240000002086163,1801.8349609375
E2003065410401880350EEDA,0.177941771394734,0.0240000002086163,1812.67175292969
E2003065410401880350EEDA,0.184077694546277,0.0240000002086163,1821.54553222656
E2003065410401880350EEDA,0.190213617697819,0.0240000002086163,1830.98498535156
E2003065410401880350EEDA,0.208621387152447,0.0240000002086163,1839.17822265625
E2003065410401880350EEDA,0.208621387152447,0.0240000002086163,1850.31372070313
E2003065410401880350EEDA,0.233165079758617,0.0240000002086163,1857.53698730469
E2003065410401880350EEDA,0.23930100291016,0.0240000002086163,1869.38659667969
E2003065410401880350EEDA,0.227029156607075,0.0240000002086163,1877.02429199219
E2003065410401880350EEDA,0.220893233455532,0.0240000002086163,1887.78051757813
E2003065410401880350EEDA,0.227029156607075,0.0240000002086163,1895.42822265625
E2003065410401880350EEDA,0.21475731030399,0.0240000002086163,1907.25317382813
E2003065410401880350EEDA,0.21475731030399,0.0240000002086163,1914.83984375
E2003065410401880350EEDA,0.21475731030399,0.0240000002086163,1924.41027832031
E2003065410401880350EEDA,0.171805848243192,0.0240000002086163,1933.51391601563
E2003065410401880350EEDA,0.190213617697819,0.0240000002086163,1943.26879882813
E2003065410401880350EEDA,0.190213617697819,0.0240000002086163,1950.8447265625
E2003065410401880350EEDA,0.208621387152447,0.0240000002086163,1961.40478515625
E2003065410401880350EEDA,0.220893233455532,0.0240000002086163,1970.1640625
E2003065410401880350EEDA,0.233165079758617,0.0240000002086163,1980.78796386719
E2003065410401880350EEDA,0.202485464000905,0.0240000002086163,1989.7490234375
E2003065410401880350EEDA,0.233165079758617,0.0240000002086163,2000.63537597656
E2003065410401880350EEDA,0.23930100291016,0.0240000002086163,2007.92102050781
E2003065410401880350EEDA,0.23930100291016,0.0240000002086163,2019.25671386719
E2003065410401880350EEDA,0.184077694546277,0.0240000002086163,2027.10681152344
E2003065410401880350EEDA,0.196349540849362,0.0240000002086163,2037.94543457031
E2003065410401880350EEDA,0.227029156607075,0.0240000002086163,2045.49719238281
E2003065410401880350EEDA,0.21475731030399,0.0240000002086163,2056.45483398438
E2003065410401880350EEDA,0.227029156607075,0.0240000002086163,2063.35107421875
E2003065410401880350EEDA,0.227029156607075,0.0240000002086163,2073.701171875
E2003065410401880350EEDA,0.21475731030399,0.0240000002086163,2081.90551757813
E2003065410401880350EEDA,0.251572849213245,0.0240000002086163,2092.3798828125
E2003065410401880350EEDA,0.233165079758617,0.0240000002086163,2100.72778320313
E2003065410401880350EEDA,0.233165079758617,0.0240000002086163,2111.857421875
E2003065410401880350EEDA,0.227029156607075,0.0240000002086163,2119.88330078125
E2003065410401880350EEDA,0.208621387152447,0.0240000002086163,2130.048828125
E2003065410401880350EEDA,0.245436926061703,0.0240000002086163,2139.0078125
E2003065410401880350EEDA,0.21475731030399,0.0240000002086163,2150.36865234375
E2003065410401880350EEDA,0.220893233455532,0.0240000002086163,2158.71362304688
E2003065410401880350EEDA,0.245436926061703,0.0240000002086163,2167.96850585938
E2003065410401880350EEDA,0.245436926061703,0.0240000002086163,2176.67333984375
E2003065410401880350EEDA,0.202485464000905,0.0240000002086163,2185.66430664063
E2003065410401880350EEDA,0.233165079758617,0.0240000002086163,2194.50170898438
E2003065410401880350EEDA,0.184077694546277,0.0240000002086163,2205.451171875
E2003065410401880350EEDA,0.233165079758617,0.0240000002086163,2218.13305664063
E2003065410401880350EEDA,0.208621387152447,0.0240000002086163,2228.14819335938
E2003065410401880350EEDA,0.220893233455532,0.0240000002086163,2237.53076171875
E2003065410401880350EEDA,0.251572849213245,0.0240000002086163,2247.83129882813
E2003065410401880350EEDA,0.23930100291016,0.0240000002086163,2256.70556640625
E2003065410401880350EEDA,0.263844695516331,0.0240000002086163,2267.0458984375
E2003065410401880350EEDA,0.227029156607075,0.0240000002086163,2274.92724609375
E2003065410401880350EEDA,0.245436926061703,0.0240000002086163,2285.94580078125
E2003065410401880350EEDA,0.263844695516331,0.0240000002086163,2293.81787109375
E2003065410401880350EEDA,0.21475731030399,0.0240000002086163,2303.11694335938
E2003065410401880350EEDA,0.227029156607075,0.0240000002086163,2311.87133789063
E2003065410401880350EEDA,0.257708772364787,0.0240000002086163,2321.17456054688
E2003065410401880350EEDA,0.23930100291016,0.0240000002086163,2330.71337890625
E2003065410401880350EEDA,0.251572849213245,0.0240000002086163,2340.90844726563
E2003065410401880350EEDA,0.233165079758617,0.0240000002086163,2347.9892578125
E2003065410401880350EEDA,0.23930100291016,0.0240000002086163,2359.34448242188
E2003065410401880350EEDA,0.21475731030399,0.0240000002086163,2367.33544921875
E2003065410401880350EEDA,0.227029156607075,0.0240000002086163,2377.55908203125
E2003065410401880350EEDA,0.245436926061703,0.0240000002086163,2386.87817382813
E2003065410401880350EEDA,0.227029156607075,0.0240000002086163,2397.9111328125
E2003065410401880350EEDA,0.208621387152447,0.0240000002086163,2405.25268554688
E2003065410401880350EEDA,0.208621387152447,0.0240000002086163,2415.98681640625
E2003065410401880350EEDA,0.227029156607075,0.0240000002086163,2422.95263671875
E2003065410401880350EEDA,0.245436926061703,0.0240000002086163,2433.587890625
E2003065410401880350EEDA,0.208621387152447,0.0240000002086163,2440.65234375
E2003065410401880350EEDA,0.23930100291016,0.0240000002086163,2452.0576171875
E2003065410401880350EEDA,0.227029156607075,0.0240000002086163,2460.73901367188
E2003065410401880350EEDA,0.208621387152447,0.0240000002086163,2471.09252929688
E2003065410401880350EEDA,0.21475731030399,0.0240000002086163,2480.2822265625
E2003065410401880350EEDA,0.220893233455532,0.0240000002086163,2490.009765625
E2003065410401880350EEDA,0.251572849213245,0.0240000002086163,2498.9873046875
E2003065410401880350EEDA,0.220893233455532,0.0240000002086163,2508.39916992188
E2003065410401880350EEDA,0.23930100291016,0.0240000002086163,2518.06860351563
E2003065410401880350EEDA,0.220893233455532,0.0240000002086163,2527.1728515625
E2003065410401880350EEDA,0.245436926061703,0.0240000002086163,2536.23608398438
E2003065410401880350EEDA,0.220893233455532,0.0240000002086163,2545.62060546875
E2003065410401880350EEDA,0.227029156607075,0.0240000002086163,2553.47875976563
E2003065410401880350EEDA,0.21475731030399,0.0240000002086163,2564.35498046875
E2003065410401880350EEDA,0.220893233455532,0.0240000002086163,2573.62646484375
E2003065410401880350EEDA,0.190213617697819,0.0240000002086163,2584.28247070313
E2003065410401880350EEDA,0.190213617697819,0.0240000002086163,2592.08740234375
E2003065410401880350EEDA,0.233165079758617,0.0240000002086163,2602.44946289063
E2003065410401880350EEDA,0.233165079758617,0.0240000002086163,2610.16821289063
E2003065410401880350EEDA,0.227029156607075,0.0240000002086163,2621.33544921875
E2003065410401880350EEDA,0.208621387152447,0.0240000002086163,2630.69091796875
E2003065410401880350EEDA,0.233165079758617,0.0240000002086163,2640.3759765625
E2003065410401880350EEDA,0.196349540849362,0.0240000002086163,2648.40551757813
E2003065410401880350EEDA,0.251572849213245,0.0240000002086163,2659.72485351563
E2003065410401880350EEDA,0.21475731030399,0.0240000002086163,2666.94799804688
E2003065410401880350EEDA,0.227029156607075,0.0240000002086163,2677.537109375
E2003065410401880350EEDA,0.245436926061703,0.0240000002086163,2685.31103515625
E2003065410401880350EEDA,0.227029156607075,0.0240000002086163,2696.251953125
E2003065410401880350EEDA,0.21475731030399,0.0240000002086163,2704.56225585938
E2003065410401880350EEDA,0.245436926061703,0.0240000002086163,2715.7646484375
E2003065410401880350EEDA,0.23930100291016,0.0240000002086163,2724.2041015625
E2003065410401880350EEDA,0.227029156607075,0.0240000002086163,2735.00219726563
E2003065410401880350EEDA,0.21475731030399,0.0240000002086163,2743.44262695313
E2003065410401880350EEDA,0.220893233455532,0.0240000002086163,2753.92309570313
E2003065410401880350EEDA,0.190213617697819,0.0240000002086163,2760.87182617188
E2003065410401880350EEDA,0.21475731030399,0.0240000002086163,2772.32934570313
E2003065410401880350EEDA,0.263844695516331,0.0240000002086163,2787.45190429688
E2003065410401880350EEDA,0.220893233455532,0.0240000002086163,2798.11767578125
E2003065410401880350EEDA,0.21475731030399,0.0240000002086163,2806.09350585938
E2003065410401880350EEDA,0.165669925091649,0.0240000002086163,2816.04223632813
E2003065410401880350EEDA,0.208621387152447,0.0240000002086163,2823.92041015625
E2003065410401880350EEDA,0.171805848243192,0.0240000002086163,2835.8388671875
E2003065410401880350EEDA,0.177941771394734,0.0240000002086163,2844.23999023438
E2003065410401880350EEDA,0.196349540849362,0.0240000002086163,2854.751953125
E2003065410401880350EEDA,0.165669925091649,0.0240000002086163,2863.685546875
E2003065410401880350EEDA,0.147262155637022,0.0240000002086163,2875.39916992188
E2003065410401880350EEDA,0.202485464000905,0.0240000002086163,2882.58081054688
E2003065410401880350EEDA,0.177941771394734,0.0240000002086163,2892.6806640625
E2003065410401880350EEDA,0.184077694546277,0.0240000002086163,2900.29858398438
E2003065410401880350EEDA,0.184077694546277,0.0240000002086163,2910.07763671875
E2003065410401880350EEDA,0.196349540849362,0.0240000002086163,2918.421875
E2003065410401880350EEDA,0.147262155637022,0.0240000002086163,2929.25708007813
E2003065410401880350EEDA,0.184077694546277,0.0240000002086163,2937.98999023438
E2003065410401880350EEDA,0.177941771394734,0.0240000002086163,2949.3388671875
E2003065410401880350EEDA,0.184077694546277,0.0240000002086163,2957.6142578125
E2003065410401880350EEDA,0.190213617697819,0.0240000002086163,2966.953125
E2003065410401880350EEDA,0.171805848243192,0.0240000002086163,2975.50415039063
E2003065410401880350EEDA,0.177941771394734,0.0240000002086163,2986.85546875
E2003065410401880350EEDA,0.202485464000905,0.0240000002086163,2994.947265625
E2003065410401880350EEDA,0.184077694546277,0.0240000002086163,3005.8642578125
E2003065410401880350EEDA,0.171805848243192,0.0240000002086163,3013.9326171875
E2003065410401880350EEDA,0.184077694546277,0.0240000002086163,3023.61157226563
E2003065410401880350EEDA,0.190213617697819,0.0240000002086163,3033.06616210938
E2003065410401880350EEDA,0.171805848243192,0.0240000002086163,3043.3037109375
E2003065410401880350EEDA,0.134990309333936,0.0240000002086163,3050.87573242188
E2003065410401880350EEDA,0.147262155637022,0.0240000002086163,3061.52075195313
E2003065410401880350EEDA,0.190213617697819,0.0240000002086163,3070.29345703125
E2003065410401880350EEDA,0.196349540849362,0.0240000002086163,3080.7392578125
E2003065410401880350EEDA,0.177941771394734,0.0240000002086163,3089.00952148438
E2003065410401880350EEDA,0.190213617697819,0.0240000002086163,3099.75170898438
E2003065410401880350EEDA,0.177941771394734,0.0240000002086163,3107.61840820313
E2003065410401880350EEDA,0.147262155637022,0.0240000002086163,3118.66845703125
E2003065410401880350EEDA,0.184077694546277,0.0240000002086163,3126.11450195313
E2003065410401880350EEDA,0.184077694546277,0.0240000002086163,3136.96362304688
E2003065410401880350EEDA,0.165669925091649,0.0240000002086163,3144.65283203125
E2003065410401880350EEDA,0.141126232485479,0.0240000002086163,3155.76391601563
E2003065410401880350EEDA,0.159534001940107,0.0240000002086163,3163.197265625
E2003065410401880350EEDA,0.171805848243192,0.0240000002086163,3175.18994140625
E2003065410401880350EEDA,0.153398078788564,0.0240000002086163,3183.42358398438
E2003065410401880350EEDA,0.147262155637022,0.0240000002086163,3194.693359375
E2003065410401880350EEDA,0.159534001940107,0.0240000002086163,3202.36401367188
E2003065410401880350EEDA,0.177941771394734,0.0240000002086163,3213.04614257813
E2003065410401880350EEDA,0.184077694546277,0.0240000002086163,3221.63720703125
E2003065410401880350EEDA,0.128854386182394,0.0240000002086163,3231.46240234375
E2003065410401880350EEDA,0.128854386182394,0.0240000002086163,3240.36572265625
E2003065410401880350EEDA,0.159534001940107,0.0240000002086163,3251.00268554688
E2003065410401880350EEDA,0.159534001940107,0.0240000002086163,3258.20288085938
E2003065410401880350EEDA,0.141126232485479,0.0240000002086163,3268.09936523438
E2003065410401880350EEDA,0.122718463030851,0.0240000002086163,3276.43823242188
E2003065410401880350EEDA,0.134990309333936,0.0240000002086163,3287.021484375
E2003065410401880350EEDA,0.128854386182394,0.0240000002086163,3295.80981445313
E2003065410401880350EEDA,0.122718463030851,0.0240000002086163,3305.9287109375
E2003065410401880350EEDA,0.110446616727766,0.0240000002086163,3314.3544921875
E2003065410401880350EEDA,0.0797670009700537,0.0240000002086163,3324.70922851563
E2003065410401880350EEDA,0.122718463030851,0.0240000002086163,3332.5517578125
E2003065410401880350EEDA,0.110446616727766,0.0240000002086163,3344.095703125
E2003065410401880350EEDA,0.147262155637022,0.0240000002086163,3358.95068359375
E2003065410401880350EEDA,0.171805848243192,0.0240000002086163,3368.908203125
E2003065410401880350EEDA,0.104310693576224,0.0240000002086163,3376.77563476563
E2003065410401880350EEDA,0.122718463030851,0.0240000002086163,3386.95776367188
E2003065410401880350EEDA,0.134990309333936,0.0240000002086163,3394.83154296875
E2003065410401880350EEDA,0.128854386182394,0.0240000002086163,3405.61669921875
E2003065410401880350EEDA,0.110446616727766,0.0240000002086163,3413.97241210938
E2003065410401880350EEDA,0.128854386182394,0.0240000002086163,3425.43872070313
E2003065410401880350EEDA,0.147262155637022,0.0240000002086163,3433.81616210938
E2003065410401880350EEDA,0.104310693576224,0.0240000002086163,3443.87182617188
E2003065410401880350EEDA,0.104310693576224,0.0240000002086163,3451.24731445313
E2003065410401880350EEDA,0.0920388472731384,0.0240000002086163,3463.1611328125
E2003065410401880350EEDA,0.159534001940107,0.0240000002086163,3471.57885742188
E2003065410401880350EEDA,0.122718463030851,0.0240000002086163,3481.22436523438
E2003065410401880350EEDA,0.0674951546669682,0.0240000002086163,3490.38354492188
E2003065410401880350EEDA,0.0859029241215961,0.0240000002086163,3499.35888671875
E2003065410401880350EEDA,0.116582539879309,0.0240000002086163,3509.08056640625
E2003065410401880350EEDA,0.0920388472731384,0.0240000002086163,3518.8125
E2003065410401880350EEDA,0.0859029241215961,0.0240000002086163,3526.38354492188
E2003065410401880350EEDA,0.0920388472731384,0.0240000002086163,3538.3173828125
E2003065410401880350EEDA,0.0859029241215961,0.0240000002086163,3546.0859375
E2003065410401880350EEDA,0.110446616727766,0.0240000002086163,3557.45849609375
E2003065410401880350EEDA,0.0920388472731384,0.0240000002086163,3565.14477539063
E2003065410401880350EEDA,0.0736310778185105,0.0240000002086163,3574.95922851563
E2003065410401880350EEDA,0.0920388472731384,0.0240000002086163,3583.30883789063
E2003065410401880350EEDA,0.0859029241215961,0.0240000002086163,3595.06469726563
E2003065410401880350EEDA,0.0920388472731384,0.0240000002086163,3601.84130859375
E2003065410401880350EEDA,0.0920388472731384,0.0240000002086163,3611.68334960938
E2003065410401880350EEDA,0.0859029241215961,0.0240000002086163,3619.49462890625
E2003065410401880350EEDA,0.110446616727766,0.0240000002086163,3630.91967773438
E2003065410401880350EEDA,0.0859029241215961,0.0240000002086163,3637.865234375
E2003065410401880350EEDA,0.0674951546669682,0.0240000002086163,3649.28686523438
E2003065410401880350EEDA,0.0490873852123404,0.0240000002086163,3658.44262695313
E2003065410401880350EEDA,0.0736310778185105,0.0240000002086163,3668.43115234375
E2003065410401880350EEDA,0.0859029241215961,0.0240000002086163,3677.6962890625
E2003065410401880350EEDA,0.0490873852123404,0.0240000002086163,3686.66528320313
E2003065410401880350EEDA,0.0797670009700537,0.0240000002086163,3695.92333984375
E2003065410401880350EEDA,0.0736310778185105,0.0240000002086163,3706.76171875
E2003065410401880350EEDA,0.0552233083638827,0.0240000002086163,3714.82080078125
E2003065410401880350EEDA,0.0306796157577125,0.0240000002086163,3725.34936523438
E2003065410401880350EEDA,0.042951462060798,0.0240000002086163,3733.57983398438
E2003065410401880350EEDA,0.0613592315154259,0.0240000002086163,3743.70434570313
E2003065410401880350EEDA,0.0306796157577125,0.0240000002086163,3751.32055664063
E2003065410401880350EEDA,0.0306796157577125,0.0240000002086163,3762.34521484375
E2003065410401880350EEDA,0.042951462060798,0.0240000002086163,3769.7255859375
E2003065410401880350EEDA,6.27704938402804,0.0240000002086163,3781.37646484375
E2003065410401880350EEDA,0.0797670009700537,0.0240000002086163,3788.86010742188
E2003065410401880350EEDA,0.0122718463030855,0.0240000002086163,3800.435546875
E2003065410401880350EEDA,0.0368155389092557,0.0240000002086163,3808.9482421875
E2003065410401880350EEDA,0.0368155389092557,0.0240000002086163,3819.42065429688
E2003065410401880350EEDA,0.0184077694546279,0.0240000002086163,3828.3759765625
E2003065410401880350EEDA,6.25250569142187,0.0240000002086163,3838.70043945313
E2003065410401880350EEDA,0.042951462060798,0.0240000002086163,3846.60888671875
E2003065410401880350EEDA,0.0122718463030855,0.0240000002086163,3856.17431640625
E2003065410401880350EEDA,0.00613592315154232,0.0240000002086163,3864.56958007813
E2003065410401880350EEDA,6.28318530717959,0.0240000002086163,3874.96533203125
E2003065410401880350EEDA,6.2709134608765,0.0240000002086163,3883.4306640625
E2003065410401880350EEDA,6.28318530717959,0.0240000002086163,3894.94360351563
E2003065410401880350EEDA,6.2709134608765,0.0240000002086163,3902.98999023438
E2003065410401880350EEDA,0.00613592315154232,0.0240000002086163,3912.71044921875
E2003065410401880350EEDA,6.24636976827033,0.0240000002086163,3928.041015625
E2003065410401880350EEDA,6.25864161457342,0.0240000002086163,3938.20239257813
E2003065410401880350EEDA,6.23409792196725,0.0240000002086163,3946.52563476563
E2003065410401880350EEDA,6.2709134608765,0.0240000002086163,3958.11401367188
E2003065410401880350EEDA,6.2279619988157,0.0240000002086163,3965.07202148438
E2003065410401880350EEDA,6.2709134608765,0.0240000002086163,3975.1552734375
E2003065410401880350EEDA,6.26477753772496,0.0240000002086163,3983.1162109375
E2003065410401880350EEDA,6.2709134608765,0.0240000002086163,3994.31567382813
E2003065410401880350EEDA,6.21569015251262,0.0240000002086163,4002.3134765625
E2003065410401880350EEDA,6.24023384511879,0.0240000002086163,4013.44262695313
E2003065410401880350EEDA,6.20955422936108,0.0240000002086163,4021.986328125
E2003065410401880350EEDA,6.27704938402804,0.0240000002086163,4032.12890625
E2003065410401880350EEDA,6.23409792196725,0.0240000002086163,4040.72265625
E2003065410401880350EEDA,6.24023384511879,0.0240000002086163,4051.74926757813
E2003065410401880350EEDA,6.2279619988157,0.0240000002086163,4060.2958984375
E2003065410401880350EEDA,6.21569015251262,0.0240000002086163,4071.83154296875
E2003065410401880350EEDA,6.24636976827033,0.0240000002086163,4079.50537109375
E2003065410401880350EEDA,6.20955422936108,0.0240000002086163,4089.21606445313
E2003065410401880350EEDA,6.24636976827033,0.0240000002086163,4097.32080078125
E2003065410401880350EEDA,6.2279619988157,0.0240000002086163,4107.07373046875
E2003065410401880350EEDA,6.20341830620953,0.0240000002086163,4115.40185546875
E2003065410401880350EEDA,6.22182607566416,0.0240000002086163,4125.91552734375
E2003065410401880350EEDA,6.17887461360336,0.0240000002086163,4135.13134765625
E2003065410401880350EEDA,6.17273869045182,0.0240000002086163,4146.19384765625
E2003065410401880350EEDA,6.20955422936108,0.0240000002086163,4154.185546875
E2003065410401880350EEDA,6.19728238305799,0.0240000002086163,4163.39208984375
E2003065410401880350EEDA,6.14205907469411,0.0240000002086163,4171.689453125
E2003065410401880350EEDA,6.19114645990645,0.0240000002086163,4183.587890625
E2003065410401880350EEDA,6.17273869045182,0.0240000002086163,4191.20068359375
E2003065410401880350EEDA,6.16046684414874,0.0240000002086163,4201.53125
E2003065410401880350EEDA,6.17887461360336,0.0240000002086163,4209.40234375
E2003065410401880350EEDA,6.15433092099719,0.0240000002086163,4219.505859375
E2003065410401880350EEDA,6.19114645990645,0.0240000002086163,4227.1796875
E2003065410401880350EEDA,6.14205907469411,0.0240000002086163,4237.91015625
E2003065410401880350EEDA,6.14819499784565,0.0240000002086163,4245.95263671875
E2003065410401880350EEDA,6.17887461360336,0.0240000002086163,4256.900390625
E2003065410401880350EEDA,6.17273869045182,0.0240000002086163,4264.5654296875
E2003065410401880350EEDA,6.14205907469411,0.0240000002086163,4276.00048828125
E2003065410401880350EEDA,6.17273869045182,0.0240000002086163,4283.56298828125
E2003065410401880350EEDA,6.14819499784565,0.0240000002086163,4294.9677734375
E2003065410401880350EEDA,6.15433092099719,0.0240000002086163,4303.1435546875
E2003065410401880350EEDA,6.12365130523948,0.0240000002086163,4313.65234375
E2003065410401880350EEDA,6.10524353578485,0.0240000002086163,4321.90478515625
E2003065410401880350EEDA,6.14819499784565,0.0240000002086163,4331.91259765625
E2003065410401880350EEDA,6.14819499784565,0.0240000002086163,4338.849609375
E2003065410401880350EEDA,6.12978722839102,0.0240000002086163,4349.9736328125
E2003065410401880350EEDA,6.09910761263331,0.0240000002086163,4358.4189453125
E2003065410401880350EEDA,6.11137945893639,0.0240000002086163,4368.20263671875
E2003065410401880350EEDA,6.09297168948177,0.0240000002086163,4377.5888671875
E2003065410401880350EEDA,6.10524353578485,0.0240000002086163,4388.3359375
E2003065410401880350EEDA,6.08683576633022,0.0240000002086163,4396.01708984375
E2003065410401880350EEDA,6.08683576633022,0.0240000002086163,4406.8515625
E2003065410401880350EEDA,6.06229207372405,0.0240000002086163,4415.27783203125
E2003065410401880350EEDA,6.05002022742097,0.0240000002086163,4425.27490234375
E2003065410401880350EEDA,6.07456392002714,0.0240000002086163,4434.42041015625
E2003065410401880350EEDA,6.06229207372405,0.0240000002086163,4444.876953125
E2003065410401880350EEDA,6.08683576633022,0.0240000002086163,4452.11572265625
E2003065410401880350EEDA,6.05002022742097,0.0240000002086163,4462.703125
E2003065410401880350EEDA,6.08069984317868,0.0240000002086163,4471.1142578125
E2003065410401880350EEDA,6.0254765348148,0.0240000002086163,4481.49072265625
E2003065410401880350EEDA,6.05002022742097,0.0240000002086163,4496.4873046875
E2003065410401880350EEDA,6.03774838111788,0.0240000002086163,4507.02587890625
E2003065410401880350EEDA,6.03161245796634,0.0240000002086163,4515.271484375
E2003065410401880350EEDA,6.0254765348148,0.0240000002086163,4526.341796875
E2003065410401880350EEDA,6.00093284220863,0.0240000002086163,4535.2001953125
E2003065410401880350EEDA,6.03774838111788,0.0240000002086163,4545.60986328125
E2003065410401880350EEDA,5.982525072754,0.0240000002086163,4552.998046875
E2003065410401880350EEDA,6.00706876536017,0.0240000002086163,4562.71240234375
E2003065410401880350EEDA,5.99479691905709,0.0240000002086163,4570.9501953125
E2003065410401880350EEDA,5.95798138014783,0.0240000002086163,4581.43896484375
E2003065410401880350EEDA,6.00093284220863,0.0240000002086163,4588.9072265625
E2003065410401880350EEDA,5.98866099590554,0.0240000002086163,4600.23291015625
E2003065410401880350EEDA,5.95798138014783,0.0240000002086163,4607.37158203125
E2003065410401880350EEDA,5.97638914960246,0.0240000002086163,4618.9736328125
E2003065410401880350EEDA,5.9395736106932,0.0240000002086163,4627.46044921875
E2003065410401880350EEDA,5.9395736106932,0.0240000002086163,4637.97607421875
E2003065410401880350EEDA,5.982525072754,0.0240000002086163,4646.17578125
E2003065410401880350EEDA,5.92116584123858,0.0240000002086163,4656.69775390625
E2003065410401880350EEDA,5.97025322645092,0.0240000002086163,4664.4716796875
E2003065410401880350EEDA,5.94570953384475,0.0240000002086163,4676.4462890625
E2003065410401880350EEDA,5.92116584123858,0.0240000002086163,4683.626953125
E2003065410401880350EEDA,5.95184545699629,0.0240000002086163,4693.509765625
E2003065410401880350EEDA,5.89048622548086,0.0240000002086163,4701.1806640625
E2003065410401880350EEDA,5.92730176439012,0.0240000002086163,4710.76708984375
E2003065410401880350EEDA,5.92116584123858,0.0240000002086163,4720.1240234375
E2003065410401880350EEDA,5.87821437917778,0.0240000002086163,4730.7265625
E2003065410401880350EEDA,5.85367068657161,0.0240000002086163,4738.87451171875
E2003065410401880350EEDA,5.8966221486324,0.0240000002086163,4748.71923828125
E2003065410401880350EEDA,5.89048622548086,0.0240000002086163,4758.220703125
E2003065410401880350EEDA,5.85980660972315,0.0240000002086163,4768.21923828125
E2003065410401880350EEDA,5.83526291711698,0.0240000002086163,4777.365234375
E2003065410401880350EEDA,5.89048622548086,0.0240000002086163,4788.162109375
E2003065410401880350EEDA,5.85367068657161,0.0240000002086163,4795.861328125
E2003065410401880350EEDA,5.88435030232932,0.0240000002086163,4805.74609375
E2003065410401880350EEDA,5.85367068657161,0.0240000002086163,4814.01708984375
E2003065410401880350EEDA,5.84753476342006,0.0240000002086163,4823.18212890625
E2003065410401880350EEDA,5.82299107081389,0.0240000002086163,4832.173828125
E2003065410401880350EEDA,5.81071922451081,0.0240000002086163,4841.90185546875
E2003065410401880350EEDA,5.79844737820772,0.0240000002086163,4850.29345703125
E2003065410401880350EEDA,5.80458330135927,0.0240000002086163,4861.3447265625
E2003065410401880350EEDA,5.81071922451081,0.0240000002086163,4869.51171875
E2003065410401880350EEDA,5.82299107081389,0.0240000002086163,4879.56640625
E2003065410401880350EEDA,5.77390368560155,0.0240000002086163,4887.583984375
E2003065410401880350EEDA,5.74322406984384,0.0240000002086163,4898.74658203125
E2003065410401880350EEDA,5.76776776245001,0.0240000002086163,4907.15625
E2003065410401880350EEDA,5.77390368560155,0.0240000002086163,4918.84912109375
E2003065410401880350EEDA,5.7370881466923,0.0240000002086163,4925.86328125
E2003065410401880350EEDA,5.72481630038921,0.0240000002086163,4936.03173828125
E2003065410401880350EEDA,5.74935999299538,0.0240000002086163,4942.67919921875
E2003065410401880350EEDA,5.70640853093458,0.0240000002086163,4954.607421875
E2003065410401880350EEDA,5.74322406984384,0.0240000002086163,4962.14013671875
E2003065410401880350EEDA,5.73095222354076,0.0240000002086163,4972.634765625
E2003065410401880350EEDA,5.7370881466923,0.0240000002086163,4980.22705078125
E2003065410401880350EEDA,5.73095222354076,0.0240000002086163,4991.9736328125
E2003065410401880350EEDA,5.71868037723767,0.0240000002086163,4999.60205078125
E2003065410401880350EEDA,5.6941366846315,0.0240000002086163,5010.03857421875
E2003065410401880350EEDA,5.70640853093458,0.0240000002086163,5019.2021484375
E2003065410401880350EEDA,5.68186483832841,0.0240000002086163,5029.56640625
E2003065410401880350EEDA,5.74322406984384,0.0240000002086163,5037.6767578125
E2003065410401880350EEDA,5.70027260778304,0.0240000002086163,5047.0517578125
E2003065410401880350EEDA,5.64504929941916,0.0240000002086163,5055.13330078125
E2003065410401880350EEDA,5.70027260778304,0.0240000002086163,5067.56640625
E2003065410401880350EEDA,5.67572891517687,0.0240000002086163,5076.7685546875
E2003065410401880350EEDA,5.6511852225707,0.0240000002086163,5086.05810546875
E2003065410401880350EEDA,5.63277745311607,0.0240000002086163,5096.03369140625
E2003065410401880350EEDA,5.6511852225707,0.0240000002086163,5106.46142578125
E2003065410401880350EEDA,5.61436968366145,0.0240000002086163,5114.95556640625
E2003065410401880350EEDA,5.57141822160065,0.0240000002086163,5124.55224609375
E2003065410401880350EEDA,5.59596191420682,0.0240000002086163,5133.92236328125
E2003065410401880350EEDA,5.57755414475219,0.0240000002086163,5144.23779296875
E2003065410401880350EEDA,5.51619491323677,0.0240000002086163,5152.6455078125
E2003065410401880350EEDA,5.52846675953985,0.0240000002086163,5163.123046875
E2003065410401880350EEDA,5.53460268269139,0.0240000002086163,5169.58642578125
E2003065410401880350EEDA,5.51619491323677,0.0240000002086163,5179.7841796875
E2003065410401880350EEDA,5.53460268269139,0.0240000002086163,5187.607421875
E2003065410401880350EEDA,5.54073860584294,0.0240000002086163,5197.95849609375
E2003065410401880350EEDA,5.49778714378214,0.0240000002086163,5206.37744140625
E2003065410401880350EEDA,5.47324345117597,0.0240000002086163,5217.63525390625
E2003065410401880350EEDA,5.49778714378214,0.0240000002086163,5224.96826171875
E2003065410401880350EEDA,5.4916512206306,0.0240000002086163,5235.3828125
E2003065410401880350EEDA,5.44256383541826,0.0240000002086163,5243.47509765625
E2003065410401880350EEDA,5.50392306693368,0.0240000002086163,5254.2568359375
E2003065410401880350EEDA,5.4486997585698,0.0240000002086163,5263.50537109375
E2003065410401880350EEDA,5.4916512206306,0.0240000002086163,5272.73828125
E2003065410401880350EEDA,5.4486997585698,0.0240000002086163,5280.88232421875
E2003065410401880350EEDA,5.45483568172134,0.0240000002086163,5291.64306640625
E2003065410401880350EEDA,5.44256383541826,0.0240000002086163,5299.24658203125
E2003065410401880350EEDA,5.44256383541826,0.0240000002086163,5309.427734375
E2003065410401880350EEDA,5.44256383541826,0.0240000002086163,5317.42578125
E2003065410401880350EEDA,5.38120460390283,0.0240000002086163,5328.33740234375
E2003065410401880350EEDA,5.35052498814512,0.0240000002086163,5336.76806640625
E2003065410401880350EEDA,5.3627968344482,0.0240000002086163,5347.1298828125
E2003065410401880350EEDA,5.35052498814512,0.0240000002086163,5355.35009765625
E2003065410401880350EEDA,5.38120460390283,0.0240000002086163,5366.5732421875
E2003065410401880350EEDA,5.37506868075129,0.0240000002086163,5373.7998046875
E2003065410401880350EEDA,5.39961237335746,0.0240000002086163,5384.93798828125
E2003065410401880350EEDA,5.39347645020591,0.0240000002086163,5392.7412109375
E2003065410401880350EEDA,5.34438906499357,0.0240000002086163,5403.13916015625
E2003065410401880350EEDA,5.38734052705437,0.0240000002086163,5409.97998046875
E2003065410401880350EEDA,5.36893275759974,0.0240000002086163,5420.5517578125
E2003065410401880350EEDA,5.3198453723874,0.0240000002086163,5429.36474609375
E2003065410401880350EEDA,5.34438906499357,0.0240000002086163,5439.0615234375
E2003065410401880350EEDA,5.3627968344482,0.0240000002086163,5447.318359375
E2003065410401880350EEDA,5.32598129553895,0.0240000002086163,5458.46044921875
E2003065410401880350EEDA,5.32598129553895,0.0240000002086163,5466.02392578125
E2003065410401880350EEDA,5.34438906499357,0.0240000002086163,5476.8828125
E2003065410401880350EEDA,5.25235021772044,0.0240000002086163,5485.20849609375
E2003065410401880350EEDA,5.28916575662969,0.0240000002086163,5496.10009765625
E2003065410401880350EEDA,5.29530167978123,0.0240000002086163,5503.83642578125
E2003065410401880350EEDA,5.22167060196272,0.0240000002086163,5514.78076171875
E2003065410401880350EEDA,5.22167060196272,0.0240000002086163,5521.4853515625
E2003065410401880350EEDA,5.18485506305347,0.0240000002086163,5532.11279296875
E2003065410401880350EEDA,5.18485506305347,0.0240000002086163,5540.66650390625
E2003065410401880350EEDA,5.21553467881118,0.0240000002086163,5550.36181640625
E2003065410401880350EEDA,5.19099098620501,0.0240000002086163,5558.84814453125
E2003065410401880350EEDA,5.17871913990192,0.0240000002086163,5569.2724609375
E2003065410401880350EEDA,5.19099098620501,0.0240000002086163,5578.705078125
E2003065410401880350EEDA,5.21553467881118,0.0240000002086163,5588.10791015625
E2003065410401880350EEDA,5.18485506305347,0.0240000002086163,5595.91162109375
E2003065410401880350EEDA,5.19099098620501,0.0240000002086163,5606.6328125
E2003065410401880350EEDA,5.17258321675038,0.0240000002086163,5615.4990234375
E2003065410401880350EEDA,5.19099098620501,0.0240000002086163,5626.08203125
E2003065410401880350EEDA,5.18485506305347,0.0240000002086163,5637.21484375
E2003065410401880350EEDA,5.16644729359884,0.0240000002086163,5646.71435546875
E2003065410401880350EEDA,5.15417544729575,0.0240000002086163,5654.32861328125
E2003065410401880350EEDA,5.15417544729575,0.0240000002086163,5663.50439453125
E2003065410401880350EEDA,5.06827252317416,0.0240000002086163,5672.541015625
E2003065410401880350EEDA,5.12349583153804,0.0240000002086163,5682.98681640625
E2003065410401880350EEDA,5.13576767784113,0.0240000002086163,5690.62890625
E2003065410401880350EEDA,5.1173599083865,0.0240000002086163,5701.43212890625
E2003065410401880350EEDA,5.08668029262879,0.0240000002086163,5709.3974609375
E2003065410401880350EEDA,5.06213660002262,0.0240000002086163,5721.0107421875
E2003065410401880350EEDA,5.11122398523496,0.0240000002086163,5728.7431640625
E2003065410401880350EEDA,5.11122398523496,0.0240000002086163,5739.8603515625
E2003065410401880350EEDA,5.06213660002262,0.0240000002086163,5747.9794921875
E2003065410401880350EEDA,5.02532106111336,0.0240000002086163,5758.55615234375
E2003065410401880350EEDA,5.04372883056799,0.0240000002086163,5766.029296875
E2003065410401880350EEDA,5.00691329165873,0.0240000002086163,5776.29638671875
E2003065410401880350EEDA,5.03759290741645,0.0240000002086163,5783.91650390625
E2003065410401880350EEDA,4.99464144535565,0.0240000002086163,5794.2880859375
E2003065410401880350EEDA,5.01918513796182,0.0240000002086163,5802.2216796875
E2003065410401880350EEDA,5.01918513796182,0.0240000002086163,5813.2490234375
E2003065410401880350EEDA,5.01918513796182,0.0240000002086163,5821.6572265625
E2003065410401880350EEDA,4.95168998329485,0.0240000002086163,5831.0029296875
E2003065410401880350EEDA,4.97009775274948,0.0240000002086163,5840.48095703125
E2003065410401880350EEDA,5.00077736850719,0.0240000002086163,5850.4775390625
E2003065410401880350EEDA,4.97623367590102,0.0240000002086163,5858.087890625
E2003065410401880350EEDA,4.96396182959793,0.0240000002086163,5869.83544921875
E2003065410401880350EEDA,4.97009775274948,0.0240000002086163,5877.84814453125
E2003065410401880350EEDA,4.94555406014331,0.0240000002086163,5887.091796875
E2003065410401880350EEDA,4.92714629068868,0.0240000002086163,5894.95458984375
E2003065410401880350EEDA,4.94555406014331,0.0240000002086163,5905.14892578125
E2003065410401880350EEDA,4.92101036753714,0.0240000002086163,5914.42041015625
E2003065410401880350EEDA,4.97623367590102,0.0240000002086163,5925.0390625
E2003065410401880350EEDA,4.91487444438559,0.0240000002086163,5932.4990234375
E2003065410401880350EEDA,4.95168998329485,0.0240000002086163,5942.69970703125
E2003065410401880350EEDA,4.92101036753714,0.0240000002086163,5950.16259765625
E2003065410401880350EEDA,4.92101036753714,0.0240000002086163,5961.89208984375
E2003065410401880350EEDA,4.92101036753714,0.0240000002086163,5969.74560546875
E2003065410401880350EEDA,4.89646667493097,0.0240000002086163,5981.44384765625
E2003065410401880350EEDA,4.89646667493097,0.0240000002086163,5988.06640625
E2003065410401880350EEDA,4.89033075177942,0.0240000002086163,5998.99072265625
E2003065410401880350EEDA,4.84737928971863,0.0240000002086163,6006.51220703125
E2003065410401880350EEDA,4.85351521287017,0.0240000002086163,6017.0966796875
E2003065410401880350EEDA,4.85351521287017,0.0240000002086163,6025.412109375
E2003065410401880350EEDA,4.828971520264,0.0240000002086163,6035.7109375
E2003065410401880350EEDA,4.79829190450629,0.0240000002086163,6042.88720703125
E2003065410401880350EEDA,4.81669967396091,0.0240000002086163,6054.83837890625
E2003065410401880350EEDA,4.77988413505166,0.0240000002086163,6062.50634765625
E2003065410401880350EEDA,4.79215598135474,0.0240000002086163,6073.1357421875
E2003065410401880350EEDA,4.79829190450629,0.0240000002086163,6081.84912109375
E2003065410401880350EEDA,4.7860200582032,0.0240000002086163,6092.10107421875
E2003065410401880350EEDA,4.79215598135474,0.0240000002086163,6099.44580078125
E2003065410401880350EEDA,4.79829190450629,0.0240000002086163,6110.93017578125
E2003065410401880350EEDA,4.77988413505166,0.0240000002086163,6119.3583984375
E2003065410401880350EEDA,4.77374821190012,0.0240000002086163,6129.02978515625
E2003065410401880350EEDA,4.76761228874857,0.0240000002086163,6136.685546875
E2003065410401880350EEDA,4.76761228874857,0.0240000002086163,6146.29931640625
E2003065410401880350EEDA,4.76147636559703,0.0240000002086163,6154.47216796875
E2003065410401880350EEDA,4.71238898038469,0.0240000002086163,6164.5439453125
E2003065410401880350EEDA,4.72466082668777,0.0240000002086163,6173.73779296875
E2003065410401880350EEDA,4.73693267299086,0.0240000002086163,6183.34619140625
E2003065410401880350EEDA,4.72466082668777,0.0240000002086163,6191.45654296875
E2003065410401880350EEDA,4.73079674983932,0.0240000002086163,6209.62939453125
E2003065410401880350EEDA,4.70011713408161,0.0240000002086163,6217.44580078125
E2003065410401880350EEDA,4.69398121093006,0.0253286678344011,6227.04443359375
E2003065410401880350EEDA,4.68170936462698,0.0240000002086163,6235.14404296875
E2003065410401880350EEDA,4.62648605626309,0.0240000002086163,6244.93212890625
E2003065410401880350EEDA,4.68784528777852,0.0240000002086163,6253.34912109375
E2003065410401880350EEDA,4.67557344147543,0.0240000002086163,6262.931640625
E2003065410401880350EEDA,4.68784528777852,0.0240000002086163,6271.02685546875
E2003065410401880350EEDA,4.66330159517235,0.0240000002086163,6282.04541015625
E2003065410401880350EEDA,4.65716567202081,0.0240000002086163,6291.20068359375
E2003065410401880350EEDA,4.65716567202081,0.0240000002086163,6300.3828125
E2003065410401880350EEDA,4.60807828680847,0.0240000002086163,6309.31201171875
E2003065410401880350EEDA,4.63262197941464,0.0240000002086163,6319.9248046875
E2003065410401880350EEDA,4.65716567202081,0.0240000002086163,6328.2109375
E2003065410401880350EEDA,4.62035013311155,0.0240000002086163,6338.51123046875
E2003065410401880350EEDA,4.60807828680847,0.0240000002086163,6346.9462890625
E2003065410401880350EEDA,4.60807828680847,0.0240000002086163,6358.0087890625
E2003065410401880350EEDA,4.57739867105075,0.0240000002086163,6364.7001953125
E2003065410401880350EEDA,4.62035013311155,0.0240000002086163,6373.939453125
E2003065410401880350EEDA,4.5835345942023,0.0240000002086163,6383.12158203125
E2003065410401880350EEDA,4.55285497844458,0.0240000002086163,6393.88037109375
E2003065410401880350EEDA,4.54671905529304,0.0256212744861841,6401.8359375
E2003065410401880350EEDA,4.56512682474767,0.0240000002086163,6412.30615234375
E2003065410401880350EEDA,4.59580644050538,0.0240000002086163,6419.609375
E2003065410401880350EEDA,4.54671905529304,0.0242970921099186,6430.12744140625
E2003065410401880350EEDA,4.54671905529304,0.0240000002086163,6437.95556640625
E2003065410401880350EEDA,4.53444720898996,0.0240000002086163,6449.76025390625
E2003065410401880350EEDA,4.5405831321415,0.0240000002086163,6457.33154296875
E2003065410401880350EEDA,4.53444720898996,0.0240000002086163,6468.4580078125
E2003065410401880350EEDA,4.5405831321415,0.0240000002086163,6476.0087890625
E2003065410401880350EEDA,4.5405831321415,0.0240000002086163,6485.8779296875
E2003065410401880350EEDA,4.47922390062607,0.0240000002086163,6493.8408203125
E2003065410401880350EEDA,4.52831128583841,0.0240000002086163,6504.19921875
E2003065410401880350EEDA,4.51603943953533,0.0240000002086163,6512.302734375
E2003065410401880350EEDA,4.47922390062607,0.0240000002086163,6522.345703125
E2003065410401880350EEDA,4.52217536268687,0.0240000002086163,6529.9970703125
E2003065410401880350EEDA,4.46695205432299,0.0240000002086163,6540.7802734375
E2003065410401880350EEDA,4.4546802080199,0.0240000002086163,6549.564453125
E2003065410401880350EEDA,4.46695205432299,0.0240000002086163,6560.1953125
E2003065410401880350EEDA,4.43627243856527,0.0240000002086163,6568.58349609375
E2003065410401880350EEDA,4.46695205432299,0.0240000002086163,6578.3828125
E2003065410401880350EEDA,4.4546802080199,0.0240000002086163,6587.38232421875
E2003065410401880350EEDA,4.44240836171682,0.0271744001656771,6597.68701171875
E2003065410401880350EEDA,4.46081613117144,0.0245839525014162,6604.42236328125
E2003065410401880350EEDA,4.41786466911065,0.0240000002086163,6614.7548828125
E2003065410401880350EEDA,4.46695205432299,0.0240000002086163,6623.3115234375
E2003065410401880350EEDA,4.38104913020139,0.0240000002086163,6634.05908203125
E2003065410401880350EEDA,4.4546802080199,0.0240000002086163,6641.5126953125
E2003065410401880350EEDA,4.44854428486836,0.0240000002086163,6652.15966796875
E2003065410401880350EEDA,4.4546802080199,0.0242360010743141,6660.16015625
E2003065410401880350EEDA,4.39945689965602,0.0240000002086163,6669.701171875
E2003065410401880350EEDA,4.4117287459591,0.0254638530313969,6679.43310546875
E2003065410401880350EEDA,4.38104913020139,0.0240000002086163,6689.95947265625
E2003065410401880350EEDA,4.42400059226219,0.0240000002086163,6698.27392578125
E2003065410401880350EEDA,4.38718505335293,0.0240000002086163,6708.7578125
E2003065410401880350EEDA,4.38718505335293,0.0273091550916433,6717.08203125
E2003065410401880350EEDA,4.39945689965602,0.0240000002086163,6726.923828125
E2003065410401880350EEDA,4.40559282280756,0.0240000002086163,6734.21337890625
E2003065410401880350EEDA,4.38718505335293,0.0240000002086163,6744.94677734375
E2003065410401880350EEDA,4.35036951444368,0.0240000002086163,6753.45361328125
E2003065410401880350EEDA,4.35650543759522,0.0240000002086163,6763.83740234375
E2003065410401880350EEDA,4.37491320704985,0.0240000002086163,6776.38720703125
E2003065410401880350EEDA,4.35650543759522,0.0278751999139786,6786.17724609375
E2003065410401880350EEDA,4.33809766814059,0.0240000002086163,6795.05712890625
E2003065410401880350EEDA,4.34423359129214,0.0240000002086163,6805.04541015625
E2003065410401880350EEDA,4.37491320704985,0.0240000002086163,6814.125
E2003065410401880350EEDA,4.33809766814059,0.0240000002086163,6824.0556640625
E2003065410401880350EEDA,4.35036951444368,0.0240000002086163,6832.3623046875
E2003065410401880350EEDA,4.32582582183751,0.0240000002086163,6842.267578125
E2003065410401880350EEDA,4.31968989868597,0.0240000002086163,6850.2158203125
E2003065410401880350EEDA,4.2951462060798,0.0240000002086163,6859.90673828125
E2003065410401880350EEDA,4.28287435977671,0.0240000002086163,6868.78173828125
E2003065410401880350EEDA,4.30128212923134,0.0268296003341675,6878.138671875
E2003065410401880350EEDA,4.2951462060798,0.0268419235944748,6887.5087890625
E2003065410401880350EEDA,4.28901028292825,0.0240000002086163,6897.17138671875
E2003065410401880350EEDA,4.25833066717054,0.0240123998373747,6904.73779296875
E2003065410401880350EEDA,4.31968989868597,0.0263585466891527,6916.27685546875
E2003065410401880350EEDA,4.32582582183751,0.0240000002086163,6924.80322265625
E2003065410401880350EEDA,4.31968989868597,0.0240000002086163,6935.2421875
E2003065410401880350EEDA,4.30741805238288,0.0240000002086163,6943.3056640625
E2003065410401880350EEDA,4.2951462060798,0.0240000002086163,6953.2109375
E2003065410401880350EEDA,4.252194744019,0.0250871460884809,6961.49169921875
E2003065410401880350EEDA,4.2951462060798,0.0273746028542519,6971.91943359375
E2003065410401880350EEDA,4.30128212923134,0.0240000002086163,6979.20263671875
E2003065410401880350EEDA,4.26446659032208,0.0240000002086163,6990.1962890625
E2003065410401880350EEDA,4.24605882086745,0.0240000002086163,6997.982421875
E2003065410401880350EEDA,4.30128212923134,0.0273615904152393,7008.9873046875
E2003065410401880350EEDA,4.30741805238288,0.0274062361568213,7017.73779296875
E2003065410401880350EEDA,4.20310735880666,0.0270720943808556,7027.51025390625
E2003065410401880350EEDA,4.26446659032208,0.0269095543771982,7036.18310546875
E2003065410401880350EEDA,4.25833066717054,0.0240000002086163,7046.47412109375
E2003065410401880350EEDA,4.28287435977671,0.0240000002086163,7054.92529296875
E2003065410401880350EEDA,4.18469958935203,0.0240000002086163,7063.9306640625
E2003065410401880350EEDA,4.21537920510974,0.0240000002086163,7073.48193359375
E2003065410401880350EEDA,4.25833066717054,0.0240000002086163,7082.521484375
E2003065410401880350EEDA,4.23992289771591,0.0240000002086163,7090.99951171875
E2003065410401880350EEDA,4.22151512826128,0.0240000002086163,7100.53662109375
E2003065410401880350EEDA,4.20310735880666,0.0269256010651588,7108.71337890625
E2003065410401880350EEDA,4.22151512826128,0.0256214383989573,7119.1767578125
E2003065410401880350EEDA,4.16015589674586,0.0272000804543495,7127.27001953125
E2003065410401880350EEDA,4.14788405044277,0.0240000002086163,7136.52294921875
E2003065410401880350EEDA,4.252194744019,0.0240000002086163,7145.06103515625
E2003065410401880350EEDA,4.15401997359432,0.0272829085588455,7154.65185546875
E2003065410401880350EEDA,4.18469958935203,0.0253283642232418,7161.02783203125
E2003065410401880350EEDA,4.1662918198974,0.0280000008642673,7169.91845703125
E2003065410401880350EEDA,4.17242774304894,0.0280000008642673,7175.01904296875
