EPC,Antenna,Channel,TimeStamp/us,RSSI/dBm,Phase/rad,Doppler Shift/Hz,Velocity
E2003065410401880350EEDA,1,1,0,-56.5,5.25541817929621,78,0
E2003065410401880350EEDA,1,1,27763,-55,5.20939875565964,78,0
E2003065410401880350EEDA,1,1,63423,-55,5.28916575662969,299,0
E2003065410401880350EEDA,1,1,90503,-55,5.25235021772044,208,0
E2003065410401880350EEDA,1,1,122084,-55,5.20939875565964,130,0
E2003065410401880350EEDA,1,1,149715,-55,5.22780652511427,182,0
E2003065410401880350EEDA,1,1,184563,-55,5.24621429456889,403,0
E2003065410401880350EEDA,1,1,212468,-55,5.25848614087198,351,0
E2003065410401880350EEDA,1,1,243565,-55,5.24007837141735,442,0
E2003065410401880350EEDA,1,1,274621,-55,5.27075798717506,468,0
E2003065410401880350EEDA,1,1,308136,-55,5.26462206402352,377,0
E2003065410401880350EEDA,1,1,335418,-55,5.24007837141735,273,0
E2003065410401880350EEDA,1,1,367682,-54.5,5.24007837141735,377,0
E2003065410401880350EEDA,1,1,395872,-55.5,5.25848614087198,364,0
E2003065410401880350EEDA,1,1,430041,-55,5.21553467881118,221,0
E2003065410401880350EEDA,1,1,458067,-55,5.27075798717506,455,0
E2003065410401880350EEDA,1,1,490576,-55,5.27689391032661,299,0
E2003065410401880350EEDA,1,1,518381,-55,5.27689391032661,351,0
E2003065410401880350EEDA,1,1,552793,-55,5.22167060196272,208,0
E2003065410401880350EEDA,1,1,577978,-55,5.28916575662969,507,0
E2003065410401880350EEDA,1,1,611534,-55,5.24007837141735,143,0
E2003065410401880350EEDA,1,1,636001,-55,5.19712690935655,78,0
E2003065410401880350EEDA,1,1,674319,-55,5.23394244826581,182,0
E2003065410401880350EEDA,1,1,700637,-55,5.21553467881118,104,0
E2003065410401880350EEDA,1,1,736215,-55,5.2032628325081,182,0
E2003065410401880350EEDA,1,1,760248,-55,5.24007837141735,299,0
E2003065410401880350EEDA,1,1,792200,-55,5.20939875565964,117,0
E2003065410401880350EEDA,1,1,821958,-55,5.19099098620501,0,0
E2003065410401880350EEDA,1,1,857236,-55.5,5.22167060196272,169,0
E2003065410401880350EEDA,1,1,885050,-54.5,5.24007837141735,247,0
E2003065410401880350EEDA,1,1,918116,-55.5,5.19712690935655,26,0
E2003065410401880350EEDA,1,1,941294,-55,5.19712690935655,104,0
E2003065410401880350EEDA,1,1,979399,-55.5,5.27689391032661,429,0
E2003065410401880350EEDA,1,1,1003853,-55,5.29530167978123,507,0
E2003065410401880350EEDA,1,1,1039948,-55,5.22167060196272,208,0
E2003065410401880350EEDA,1,1,1064111,-55,5.24621429456889,273,0
E2003065410401880350EEDA,1,1,1099711,-55,5.24621429456889,78,0
E2003065410401880350EEDA,1,1,1125905,-55,5.22780652511427,208,0
E2003065410401880350EEDA,1,1,1162502,-55,5.25848614087198,429,0
E2003065410401880350EEDA,1,1,1190308,-55,5.21553467881118,156,0
E2003065410401880350EEDA,1,1,1224683,-55,5.23394244826581,208,0
E2003065410401880350EEDA,1,1,1251231,-54.5,5.21553467881118,299,0
E2003065410401880350EEDA,1,1,1283216,-55,5.2032628325081,156,0
E2003065410401880350EEDA,1,1,1308408,-55,5.24007837141735,442,0
E2003065410401880350EEDA,1,1,1344034,-55,5.23394244826581,247,0
E2003065410401880350EEDA,1,1,1369496,-55.5,5.22780652511427,247,0
E2003065410401880350EEDA,1,1,1407194,-55,5.24621429456889,351,0
E2003065410401880350EEDA,1,1,1432164,-55,5.22167060196272,143,0
E2003065410401880350EEDA,1,1,1465475,-55,5.2032628325081,130,0
E2003065410401880350EEDA,1,1,1494961,-55,5.21553467881118,182,0
E2003065410401880350EEDA,1,1,1529555,-55,5.22780652511427,273,0
E2003065410401880350EEDA,1,1,1555918,-55,5.21553467881118,156,0
E2003065410401880350EEDA,1,1,1589965,-55,5.25235021772044,182,0
E2003065410401880350EEDA,1,1,1618271,-55,5.22780652511427,247,0
E2003065410401880350EEDA,1,1,1648149,-55.5,5.23394244826581,208,0
E2003065410401880350EEDA,1,1,1676296,-55,5.20939875565964,78,0
E2003065410401880350EEDA,1,1,1713362,-55,5.19712690935655,52,0
E2003065410401880350EEDA,1,1,1739977,-55,5.16644729359884,-52,0
E2003065410401880350EEDA,1,1,1775118,-55,5.17871913990192,26,0
E2003065410401880350EEDA,1,1,1800153,-55.5,5.25235021772044,338,0
E2003065410401880350EEDA,1,1,1833469,-55,5.22167060196272,182,0
E2003065410401880350EEDA,1,1,1861514,-55.5,5.18485506305347,78,0
E2003065410401880350EEDA,1,1,1901966,-55,5.25848614087198,429,0
E2003065410401880350EEDA,1,1,1927606,-55,5.18485506305347,26,0
E2003065410401880350EEDA,1,1,1963505,-55.5,5.2032628325081,117,0
E2003065410401880350EEDA,1,1,1988179,-55,5.24621429456889,299,0
E2003065410401880350EEDA,1,1,2025126,-55,5.24007837141735,104,0
E2003065410401880350EEDA,1,1,2051795,-55,5.22167060196272,208,0
E2003065410401880350EEDA,1,1,2084153,-55,5.19712690935655,26,0
E2003065410401880350EEDA,1,1,2109413,-55,5.25235021772044,273,0
E2003065410401880350EEDA,1,1,2145644,-55,5.20939875565964,156,0
E2003065410401880350EEDA,1,1,2172342,-55.5,5.18485506305347,0,0
E2003065410401880350EEDA,1,1,2206947,-55.5,5.2032628325081,0,0
E2003065410401880350EEDA,1,1,2232683,-55,5.24621429456889,221,0
E2003065410401880350EEDA,1,1,2269974,-55.5,5.19712690935655,0,0
E2003065410401880350EEDA,1,1,2295346,-55,5.26462206402352,325,0
E2003065410401880350EEDA,1,1,2326855,-55,5.19099098620501,104,0
E2003065410401880350EEDA,1,1,2356457,-55,5.12963175468958,-221,0
E2003065410401880350EEDA,1,1,2390017,-55,5.24007837141735,104,0
E2003065410401880350EEDA,1,1,2417343,-55.5,5.25235021772044,325,0
E2003065410401880350EEDA,1,1,2450162,-55,5.21553467881118,130,0
E2003065410401880350EEDA,1,1,2477515,-55,5.19712690935655,26,0
E2003065410401880350EEDA,1,1,2511953,-55,5.25848614087198,273,0
E2003065410401880350EEDA,1,1,2540059,-55,5.20939875565964,78,0
E2003065410401880350EEDA,1,1,2573887,-55,5.2032628325081,26,0
E2003065410401880350EEDA,1,1,2601722,-55,5.24007837141735,364,0
E2003065410401880350EEDA,1,1,2633784,-55,5.22780652511427,156,0
E2003065410401880350EEDA,1,1,2660920,-55.5,5.24621429456889,169,0
E2003065410401880350EEDA,1,1,2693419,-55,5.25235021772044,221,0
E2003065410401880350EEDA,1,1,2723293,-55,5.25235021772044,403,0
E2003065410401880350EEDA,1,1,2754571,-55,5.23394244826581,208,0
E2003065410401880350EEDA,1,1,2784238,-55,5.22167060196272,221,0
E2003065410401880350EEDA,1,1,2815816,-55,5.22780652511427,221,0
E2003065410401880350EEDA,1,1,2842172,-55,5.23394244826581,221,0
E2003065410401880350EEDA,1,1,2876562,-55,5.21553467881118,156,0
E2003065410401880350EEDA,1,1,2906062,-55,5.19712690935655,130,0
E2003065410401880350EEDA,1,1,2936989,-55,5.22780652511427,182,0
E2003065410401880350EEDA,1,1,2966431,-55,5.2032628325081,221,0
E2003065410401880350EEDA,1,1,3001280,-54.5,5.1603113704473,26,0
E2003065410401880350EEDA,1,1,3028655,-55,5.17871913990192,78,0
E2003065410401880350EEDA,1,1,3062102,-55.5,5.17871913990192,130,0
E2003065410401880350EEDA,1,1,3089994,-55,5.22780652511427,299,0
E2003065410401880350EEDA,1,1,3121883,-55.5,5.24007837141735,533,0
E2003065410401880350EEDA,1,1,3146902,-55,5.22780652511427,221,0
E2003065410401880350EEDA,1,1,3183369,-54.5,5.19712690935655,104,0
E2003065410401880350EEDA,1,1,3210433,-55.5,5.17258321675038,26,0
E2003065410401880350EEDA,1,1,3245017,-55,5.2032628325081,208,0
E2003065410401880350EEDA,1,1,3270454,-55,5.22167060196272,208,0
E2003065410401880350EEDA,1,1,3307868,-55.5,5.23394244826581,403,0
E2003065410401880350EEDA,1,1,3332831,-55,5.2032628325081,130,0
E2003065410401880350EEDA,1,1,3364334,-55,5.17258321675038,26,0
E2003065410401880350EEDA,1,1,3394414,-55,5.21553467881118,221,0
E2003065410401880350EEDA,1,1,3428359,-55,5.18485506305347,104,0
E2003065410401880350EEDA,1,1,3454285,-55,5.24007837141735,351,0
E2003065410401880350EEDA,1,1,3488088,-54.5,5.19099098620501,104,0
E2003065410401880350EEDA,1,1,3515814,-55,5.19099098620501,78,0
E2003065410401880350EEDA,1,1,3549852,-55,5.20939875565964,208,0
E2003065410401880350EEDA,1,1,3573677,-55,5.19712690935655,130,0
E2003065410401880350EEDA,1,1,3612070,-54.5,5.24007837141735,455,0
E2003065410401880350EEDA,1,1,3639610,-55.5,5.23394244826581,234,0
E2003065410401880350EEDA,1,1,3672065,-55,5.17871913990192,-52,0
E2003065410401880350EEDA,1,1,3700270,-55,5.2032628325081,130,0
E2003065410401880350EEDA,1,1,3734933,-55,5.24621429456889,299,0
E2003065410401880350EEDA,1,1,3762969,-55,5.19712690935655,0,0
E2003065410401880350EEDA,1,1,3800598,-55,5.24621429456889,325,0
E2003065410401880350EEDA,1,1,3825212,-55,5.20939875565964,208,0
E2003065410401880350EEDA,1,1,3863659,-55,5.24007837141735,247,0
E2003065410401880350EEDA,1,1,3886761,-55.5,5.30143760293278,533,0
E2003065410401880350EEDA,1,1,3922294,-55.5,5.24621429456889,247,0
E2003065410401880350EEDA,1,1,3951479,-55.5,5.24007837141735,273,0
E2003065410401880350EEDA,1,1,3982081,-55,5.25235021772044,273,0
E2003065410401880350EEDA,1,1,4013351,-55,5.1603113704473,-52,0
E2003065410401880350EEDA,1,1,4045841,-55,5.20939875565964,208,0
E2003065410401880350EEDA,1,1,4073515,-55,5.20939875565964,182,0
E2003065410401880350EEDA,1,1,4108558,-55,5.2032628325081,182,0
E2003065410401880350EEDA,1,1,4132570,-55,5.22780652511427,325,0
E2003065410401880350EEDA,1,1,4169760,-55,5.1173599083865,-182,0
E2003065410401880350EEDA,1,1,4195440,-55,5.22780652511427,416,0
E2003065410401880350EEDA,1,1,4229201,-55,5.19712690935655,156,0
E2003065410401880350EEDA,1,1,4257043,-55,5.22167060196272,299,0
E2003065410401880350EEDA,1,1,4291800,-55,5.19099098620501,169,0
E2003065410401880350EEDA,1,1,4315722,-55,5.16644729359884,130,0
E2003065410401880350EEDA,1,1,4348800,-55,5.1603113704473,-78,0
E2003065410401880350EEDA,1,1,4377954,-55.5,5.17258321675038,169,0
E2003065410401880350EEDA,1,1,4412101,-55,5.22780652511427,182,0
E2003065410401880350EEDA,1,1,4438563,-56,5.23394244826581,247,0
E2003065410401880350EEDA,1,1,4473924,-55,5.2032628325081,195,0
E2003065410401880350EEDA,1,1,4498090,-55,5.2032628325081,0,0
E2003065410401880350EEDA,1,1,4532931,-55,5.24007837141735,247,0
E2003065410401880350EEDA,1,1,4559951,-55.5,5.19712690935655,208,0
E2003065410401880350EEDA,1,1,4594658,-55,5.23394244826581,208,0
E2003065410401880350EEDA,1,1,4620721,-55,5.27075798717506,455,0
E2003065410401880350EEDA,1,1,4655721,-55,5.21553467881118,208,0
E2003065410401880350EEDA,1,1,4680397,-55,5.23394244826581,325,0
E2003065410401880350EEDA,1,1,4714494,-55,5.25235021772044,221,0
E2003065410401880350EEDA,1,1,4743572,-55,5.22780652511427,299,0
E2003065410401880350EEDA,1,1,4777593,-55,5.23394244826581,273,0
E2003065410401880350EEDA,1,1,4805347,-55,5.22167060196272,143,0
E2003065410401880350EEDA,1,1,4836841,-55,5.23394244826581,208,0
E2003065410401880350EEDA,1,1,4862515,-55,5.2032628325081,156,0
E2003065410401880350EEDA,1,1,4899441,-55,5.23394244826581,325,0
E2003065410401880350EEDA,1,1,4926601,-55,5.21553467881118,247,0
E2003065410401880350EEDA,1,1,4961151,-55,5.18485506305347,0,0
E2003065410401880350EEDA,1,1,4988210,-55,5.19712690935655,156,0
E2003065410401880350EEDA,1,1,5022829,-55,5.24007837141735,208,0
E2003065410401880350EEDA,1,1,5050054,-55,5.22167060196272,208,0
E2003065410401880350EEDA,1,1,5084997,-55,5.20939875565964,156,0
E2003065410401880350EEDA,1,1,5111621,-55,5.17871913990192,52,0
E2003065410401880350EEDA,1,1,5146148,-55,5.2032628325081,208,0
E2003065410401880350EEDA,1,1,5172420,-55.5,5.20939875565964,78,0
E2003065410401880350EEDA,1,1,5203709,-55,5.14803952414421,-78,0
E2003065410401880350EEDA,1,1,5230715,-55,5.23394244826581,221,0
E2003065410401880350EEDA,1,1,5269339,-55,5.20939875565964,182,0
E2003065410401880350EEDA,1,1,5294995,-55,5.21553467881118,273,0
E2003065410401880350EEDA,1,1,5330707,-55,5.22167060196272,182,0
E2003065410401880350EEDA,1,1,5357222,-55,5.2032628325081,104,0
E2003065410401880350EEDA,1,1,5390776,-55,5.23394244826581,78,0
E2003065410401880350EEDA,1,1,5417952,-55,5.19712690935655,104,0
E2003065410401880350EEDA,1,1,5449189,-55.5,5.26462206402352,364,0
E2003065410401880350EEDA,1,1,5476019,-55,5.20939875565964,182,0
E2003065410401880350EEDA,1,1,5510742,-55,5.24007837141735,221,0
E2003065410401880350EEDA,1,1,5540820,-55,5.21553467881118,117,0
E2003065410401880350EEDA,1,1,5571627,-55,5.26462206402352,455,0
E2003065410401880350EEDA,1,1,5602187,-55,5.2032628325081,156,0
E2003065410401880350EEDA,1,1,5634694,-55,5.24007837141735,247,0
E2003065410401880350EEDA,1,1,5662251,-55,5.23394244826581,273,0
E2003065410401880350EEDA,1,1,5703776,-55,5.16644729359884,-104,0
E2003065410401880350EEDA,1,1,5730906,-55,5.2032628325081,130,0
E2003065410401880350EEDA,1,1,5763050,-55,5.21553467881118,221,0
E2003065410401880350EEDA,1,1,5788503,-55,5.22167060196272,273,0
E2003065410401880350EEDA,1,1,5825662,-55,5.24621429456889,247,0
E2003065410401880350EEDA,1,1,5849649,-55,5.20939875565964,182,0
E2003065410401880350EEDA,1,1,5883961,-55,5.22780652511427,221,0
E2003065410401880350EEDA,1,1,5913088,-55,5.20939875565964,130,0
E2003065410401880350EEDA,1,1,5946110,-55,5.20939875565964,273,0
E2003065410401880350EEDA,1,1,5975536,-55,5.2032628325081,182,0
E2003065410401880350EEDA,1,1,6010106,-55,5.19712690935655,104,0
E2003065410401880350EEDA,1,1,6036740,-55,5.17871913990192,26,0
E2003065410401880350EEDA,1,1,6067650,-55,5.22780652511427,273,0
E2003065410401880350EEDA,1,1,6097408,-55,5.24621429456889,351,0
E2003065410401880350EEDA,1,1,6131403,-55,5.21553467881118,377,0
E2003065410401880350EEDA,1,1,6157423,-55,5.2032628325081,247,0
E2003065410401880350EEDA,1,1,6190818,-55,5.19712690935655,247,0
E2003065410401880350EEDA,1,1,6219675,-55,5.20939875565964,221,0
E2003065410401880350EEDA,1,1,6250379,-55,5.14803952414421,-78,0
E2003065410401880350EEDA,1,1,6280228,-55,5.11122398523496,-52,0
E2003065410401880350EEDA,1,1,6314021,-55,5.2032628325081,247,0
E2003065410401880350EEDA,1,1,6337202,-55,5.19712690935655,273,0
E2003065410401880350EEDA,1,1,6372314,-55,5.19099098620501,208,0
E2003065410401880350EEDA,1,1,6401689,-55,5.19099098620501,221,0
E2003065410401880350EEDA,1,1,6436696,-55,5.25235021772044,299,0
E2003065410401880350EEDA,1,1,6460744,-55,5.18485506305347,195,0
E2003065410401880350EEDA,1,1,6495905,-54.5,5.2032628325081,221,0
E2003065410401880350EEDA,1,1,6523112,-55,5.17258321675038,117,0
E2003065410401880350EEDA,1,1,6558091,-55,5.18485506305347,130,0
E2003065410401880350EEDA,1,1,6584249,-54.5,5.18485506305347,221,0
E2003065410401880350EEDA,1,1,6617984,-55,5.19712690935655,156,0
E2003065410401880350EEDA,1,1,6642105,-55,5.22780652511427,156,0
E2003065410401880350EEDA,1,1,6679178,-54.5,5.11122398523496,-208,0
E2003065410401880350EEDA,1,1,6703145,-55,5.24007837141735,273,0
E2003065410401880350EEDA,1,1,6738579,-55,5.22167060196272,247,0
E2003065410401880350EEDA,1,1,6765263,-55,5.19712690935655,130,0
E2003065410401880350EEDA,1,1,6799088,-55,5.19712690935655,156,0
E2003065410401880350EEDA,1,1,6828923,-55,5.25848614087198,299,0
E2003065410401880350EEDA,1,1,6861528,-55,5.25235021772044,429,0
E2003065410401880350EEDA,1,1,6889368,-55.5,5.19712690935655,169,0
E2003065410401880350EEDA,1,1,6921992,-55,5.2032628325081,325,0
E2003065410401880350EEDA,1,1,6947945,-55.5,5.17871913990192,91,0
E2003065410401880350EEDA,1,1,6986374,-55.5,5.22167060196272,169,0
E2003065410401880350EEDA,1,1,7010980,-55.5,5.2032628325081,26,0
E2003065410401880350EEDA,1,1,7042591,-55,5.19712690935655,182,0
E2003065410401880350EEDA,1,1,7070993,-55,5.23394244826581,247,0
E2003065410401880350EEDA,1,1,7103982,-55,5.17258321675038,-26,0
E2003065410401880350EEDA,1,1,7132534,-55,5.23394244826581,182,0
E2003065410401880350EEDA,1,1,7166433,-54.5,5.23394244826581,299,0
E2003065410401880350EEDA,1,1,7194034,-55,5.21553467881118,156,0
E2003065410401880350EEDA,1,1,7229503,-55,5.19712690935655,156,0
E2003065410401880350EEDA,1,1,7255260,-55,5.19099098620501,-78,0
E2003065410401880350EEDA,1,1,7289524,-55,5.18485506305347,182,0
E2003065410401880350EEDA,1,1,7315957,-55,5.20939875565964,130,0
E2003065410401880350EEDA,1,1,7349406,-55,5.20939875565964,299,0
E2003065410401880350EEDA,1,1,7375844,-55,5.22780652511427,247,0
E2003065410401880350EEDA,1,1,7410404,-55,5.26462206402352,377,0
E2003065410401880350EEDA,1,1,7438633,-55,5.24007837141735,299,0
E2003065410401880350EEDA,1,1,7469660,-54.5,5.19099098620501,104,0
E2003065410401880350EEDA,1,1,7499104,-55,5.19712690935655,182,0
E2003065410401880350EEDA,1,1,7532872,-55,5.27075798717506,325,0
E2003065410401880350EEDA,1,1,7558103,-55,5.25848614087198,299,0
E2003065410401880350EEDA,1,1,7600524,-55.5,5.2032628325081,26,0
E2003065410401880350EEDA,1,1,7626685,-55,5.23394244826581,390,0
E2003065410401880350EEDA,1,1,7659591,-55,5.2032628325081,182,0
E2003065410401880350EEDA,1,1,7687986,-55.5,5.2032628325081,26,0
E2003065410401880350EEDA,1,1,7718789,-55,5.20939875565964,182,0
E2003065410401880350EEDA,1,1,7750091,-55,5.16644729359884,-78,0
E2003065410401880350EEDA,1,1,7779610,-55,5.22167060196272,221,0
E2003065410401880350EEDA,1,1,7807825,-55,5.19712690935655,78,0
E2003065410401880350EEDA,1,1,7842931,-55,5.24007837141735,182,0
E2003065410401880350EEDA,1,1,7871305,-55,5.22167060196272,156,0
E2003065410401880350EEDA,1,1,7902005,-55,5.24621429456889,273,0
E2003065410401880350EEDA,1,1,7929875,-55.5,5.22780652511427,221,0
E2003065410401880350EEDA,1,1,7965213,-55,5.20939875565964,221,0
E2003065410401880350EEDA,1,1,7993391,-55.5,5.22780652511427,299,0
E2003065410401880350EEDA,1,1,8024244,-55,5.19712690935655,130,0
E2003065410401880350EEDA,1,1,8052051,-55,5.2032628325081,104,0
E2003065410401880350EEDA,1,1,8087000,-55,5.21553467881118,273,0
E2003065410401880350EEDA,1,1,8116539,-55,5.21553467881118,208,0
E2003065410401880350EEDA,1,1,8148543,-55,5.20939875565964,247,0
E2003065410401880350EEDA,1,1,8175513,-55,5.2032628325081,78,0
E2003065410401880350EEDA,1,1,8207482,-55,5.17871913990192,0,0
E2003065410401880350EEDA,1,1,8234669,-55,5.27075798717506,273,0
E2003065410401880350EEDA,1,1,8270516,-55,5.25848614087198,208,0
E2003065410401880350EEDA,1,1,8294556,-55.5,5.27689391032661,390,0
E2003065410401880350EEDA,1,1,8330687,-55,5.25848614087198,169,0
E2003065410401880350EEDA,1,1,8355973,-55,5.28302983347815,221,0
E2003065410401880350EEDA,1,1,8391321,-55,5.3198453723874,273,0
E2003065410401880350EEDA,1,1,8415236,-55,5.35052498814512,325,0
E2003065410401880350EEDA,1,1,8452878,-55,5.36893275759974,247,0
E2003065410401880350EEDA,1,1,8477228,-55,5.34438906499357,182,0
E2003065410401880350EEDA,1,1,8514043,-55,5.35666091129666,221,0
E2003065410401880350EEDA,1,1,8540982,-55,5.38120460390283,247,0
E2003065410401880350EEDA,1,1,8573514,-55,5.38734052705437,351,0
E2003065410401880350EEDA,1,1,8598364,-55,5.3627968344482,182,0
E2003065410401880350EEDA,1,1,8635400,-55,5.37506868075129,78,0
E2003065410401880350EEDA,1,1,8659301,-55,5.41802014281208,273,0
E2003065410401880350EEDA,1,1,8694807,-54.5,5.41188421966054,221,0
E2003065410401880350EEDA,1,1,8723061,-55,5.46097160487288,325,0
E2003065410401880350EEDA,1,1,8758085,-55,5.46097160487288,325,0
E2003065410401880350EEDA,1,1,8782964,-55,5.54073860584294,638,0
E2003065410401880350EEDA,1,1,8816370,-55,5.47937937432751,247,0
E2003065410401880350EEDA,1,1,8844419,-55,5.4486997585698,78,0
E2003065410401880350EEDA,1,1,8877920,-54.5,5.47937937432751,156,0
E2003065410401880350EEDA,1,1,8906657,-55,5.57755414475219,507,0
E2003065410401880350EEDA,1,1,8938364,-55,5.4916512206306,52,0
E2003065410401880350EEDA,1,1,8963517,-55,5.52846675953985,156,0
E2003065410401880350EEDA,1,1,9000613,-55,5.58982599105528,455,0
E2003065410401880350EEDA,1,1,9027863,-54.5,5.65732114572224,507,0
E2003065410401880350EEDA,1,1,9060847,-54.5,5.63277745311607,247,0
E2003065410401880350EEDA,1,1,9087061,-54.5,5.62050560681299,247,0
E2003065410401880350EEDA,1,1,9120757,-54.5,5.61436968366145,247,0
E2003065410401880350EEDA,1,1,9149270,-54.5,5.62050560681299,286,0
E2003065410401880350EEDA,1,1,9182231,-54.5,5.6941366846315,429,0
E2003065410401880350EEDA,1,1,9209925,-54.5,5.68800076147996,247,0
E2003065410401880350EEDA,1,1,9244494,-54.5,5.70640853093458,351,0
E2003065410401880350EEDA,1,1,9271208,-54.5,5.70640853093458,442,0
E2003065410401880350EEDA,1,1,9303918,-54.5,5.71868037723767,325,0
E2003065410401880350EEDA,1,1,9331191,-54,5.70640853093458,182,0
E2003065410401880350EEDA,1,1,9366865,-54,5.73095222354076,273,0
E2003065410401880350EEDA,1,1,9392040,-54,5.74935999299538,273,0
E2003065410401880350EEDA,1,1,9424522,-54,5.76776776245001,221,0
E2003065410401880350EEDA,1,1,9453744,-54,5.7370881466923,78,0
E2003065410401880350EEDA,1,1,9496486,-54,5.80458330135927,351,0
E2003065410401880350EEDA,1,1,9523047,-54,5.82912699396544,247,0
E2003065410401880350EEDA,1,1,9556098,-54,5.84139884026852,442,0
E2003065410401880350EEDA,1,1,9584479,-53.5,5.84139884026852,247,0
E2003065410401880350EEDA,1,1,9616906,-53.5,5.87207845602623,351,0
E2003065410401880350EEDA,1,1,9643458,-53.5,5.83526291711698,273,0
E2003065410401880350EEDA,1,1,9678877,-53.5,5.89048622548086,377,0
E2003065410401880350EEDA,1,1,9704884,-53.5,5.87821437917778,390,0
E2003065410401880350EEDA,1,1,9741821,-53,5.93343768754166,377,0
E2003065410401880350EEDA,1,1,9765682,-53.5,5.93343768754166,351,0
E2003065410401880350EEDA,1,1,9798160,-53.5,5.95184545699629,455,0
E2003065410401880350EEDA,1,1,9825249,-53.5,5.95184545699629,429,0
E2003065410401880350EEDA,1,1,9862864,-53.5,5.93343768754166,273,0
E2003065410401880350EEDA,1,1,9886813,-53,5.9395736106932,247,0
E2003065410401880350EEDA,1,1,9924742,-53.5,5.982525072754,364,0
E2003065410401880350EEDA,1,1,9948936,-53,5.94570953384475,221,0
E2003065410401880350EEDA,1,1,9985088,-53,6.01934061166326,403,0
E2003065410401880350EEDA,1,1,10011965,-52.5,6.01320468851171,351,0
E2003065410401880350EEDA,1,1,10046958,-53,6.01934061166326,429,0
E2003065410401880350EEDA,1,1,10071231,-53,6.0254765348148,351,0
E2003065410401880350EEDA,1,1,10107345,-53,6.03161245796634,351,0
E2003065410401880350EEDA,1,1,10133302,-53,6.03161245796634,351,0
E2003065410401880350EEDA,1,1,10165775,-52.5,6.03774838111788,351,0
E2003065410401880350EEDA,1,1,10196613,-52.5,6.07456392002714,455,0
E2003065410401880350EEDA,1,1,10229732,-52.5,6.03774838111788,182,0
E2003065410401880350EEDA,1,1,10256879,-52.5,6.07456392002714,325,0
E2003065410401880350EEDA,1,1,10290820,-52.5,6.03161245796634,130,0
E2003065410401880350EEDA,1,1,10317821,-52.5,6.07456392002714,208,0
E2003065410401880350EEDA,1,1,10351841,-52.5,6.09910761263331,182,0
E2003065410401880350EEDA,1,1,10375206,-53,6.09910761263331,78,0
E2003065410401880350EEDA,1,1,10411695,-52.5,6.09910761263331,182,0
E2003065410401880350EEDA,1,1,10439913,-52.5,6.16046684414874,299,0
E2003065410401880350EEDA,1,1,10474159,-52,6.16046684414874,273,0
E2003065410401880350EEDA,1,1,10500933,-52.5,6.16660276730028,325,0
E2003065410401880350EEDA,1,1,10534559,-52.5,6.20341830620953,442,0
E2003065410401880350EEDA,1,1,10559308,-52,6.21569015251262,351,0
E2003065410401880350EEDA,1,1,10594536,-52,6.16660276730028,221,0
E2003065410401880350EEDA,1,1,10621564,-52.5,6.20955422936108,429,0
E2003065410401880350EEDA,1,1,10657537,-52,6.21569015251262,377,0
E2003065410401880350EEDA,1,1,10680382,-52,6.17887461360336,273,0
E2003065410401880350EEDA,1,1,10717470,-52,6.19114645990645,221,0
E2003065410401880350EEDA,1,1,10741407,-52,6.2279619988157,351,0
E2003065410401880350EEDA,1,1,10777937,-52,6.24636976827033,351,0
E2003065410401880350EEDA,1,1,10804845,-52,6.24636976827033,416,0
E2003065410401880350EEDA,1,1,10841881,-52,6.25864161457342,351,0
E2003065410401880350EEDA,1,1,10868949,-52,6.26477753772496,325,0
E2003065410401880350EEDA,1,1,10903573,-51.5,6.25864161457342,273,0
E2003065410401880350EEDA,1,1,10926641,-52,0.0122718463030855,299,0
E2003065410401880350EEDA,1,1,10962679,-52,6.28318530717959,299,0
E2003065410401880350EEDA,1,1,10991488,-52,6.28318530717959,390,0
E2003065410401880350EEDA,1,1,11031771,-51.5,0.0122718463030855,377,0
E2003065410401880350EEDA,1,1,11058661,-51.5,6.28318530717959,247,0
E2003065410401880350EEDA,1,1,11090767,-51.5,6.26477753772496,156,0
E2003065410401880350EEDA,1,1,11116539,-51.5,6.26477753772496,130,0
E2003065410401880350EEDA,1,1,11151328,-51.5,6.25864161457342,104,0
E2003065410401880350EEDA,1,1,11178409,-51.5,0.00613592315154232,78,0
E2003065410401880350EEDA,1,1,11213185,-51.5,0.0122718463030855,182,0
E2003065410401880350EEDA,1,1,11237871,-51.5,0.0184077694546279,208,0
E2003065410401880350EEDA,1,1,11275909,-51.5,6.27704938402804,52,0
E2003065410401880350EEDA,1,1,11302864,-51.5,0.00613592315154232,104,0
E2003065410401880350EEDA,1,1,11334907,-51.5,0.0736310778185105,325,0
E2003065410401880350EEDA,1,1,11362244,-51,0.0490873852123404,182,0
E2003065410401880350EEDA,1,1,11404769,-51,0.0552233083638827,221,0
E2003065410401880350EEDA,1,1,11427668,-51,0.0368155389092557,78,0
E2003065410401880350EEDA,1,1,11464763,-51,0.0736310778185105,247,0
E2003065410401880350EEDA,1,1,11488043,-51,0.0674951546669682,208,0
E2003065410401880350EEDA,1,1,11523409,-51,0.0920388472731384,299,0
E2003065410401880350EEDA,1,1,11550741,-51,0.0920388472731384,130,0
E2003065410401880350EEDA,1,1,11585736,-51,0.0490873852123404,52,0
E2003065410401880350EEDA,1,1,11611358,-50.5,0.0859029241215961,221,0
E2003065410401880350EEDA,1,1,11647880,-51,0.0859029241215961,221,0
E2003065410401880350EEDA,1,1,11674079,-50.5,0.0613592315154259,104,0
E2003065410401880350EEDA,1,1,11710182,-50.5,0.0552233083638827,52,0
E2003065410401880350EEDA,1,1,11736918,-50.5,0.0674951546669682,104,0
E2003065410401880350EEDA,1,1,11769455,-50.5,0.0674951546669682,182,0
E2003065410401880350EEDA,1,1,11795342,-50.5,0.0736310778185105,104,0
E2003065410401880350EEDA,1,1,11827850,-50.5,0.0981747704246807,104,0
E2003065410401880350EEDA,1,1,11856567,-50.5,0.110446616727766,182,0
E2003065410401880350EEDA,1,1,11891497,-50.5,0.116582539879309,208,0
E2003065410401880350EEDA,1,1,11917733,-50.5,0.110446616727766,208,0
E2003065410401880350EEDA,1,1,11949572,-50.5,0.116582539879309,156,0
E2003065410401880350EEDA,1,1,11978051,-50.5,0.147262155637022,351,0
E2003065410401880350EEDA,1,1,12011397,-50,0.116582539879309,26,0
E2003065410401880350EEDA,1,1,12040288,-50,0.128854386182394,208,0
E2003065410401880350EEDA,1,1,12074827,-50,0.104310693576224,156,0
E2003065410401880350EEDA,1,1,12099295,-50,0.134990309333936,247,0
E2003065410401880350EEDA,1,1,12136891,-50,0.0981747704246807,130,0
E2003065410401880350EEDA,1,1,12161538,-50.5,0.134990309333936,169,0
E2003065410401880350EEDA,1,1,12196561,-50,0.128854386182394,156,0
E2003065410401880350EEDA,1,1,12224991,-50,0.110446616727766,26,0
E2003065410401880350EEDA,1,1,12259391,-49.5,0.134990309333936,221,0
E2003065410401880350EEDA,1,1,12283355,-50,0.0981747704246807,26,0
E2003065410401880350EEDA,1,1,12316347,-50,0.110446616727766,78,0
E2003065410401880350EEDA,1,1,12345681,-49.5,0.0920388472731384,0,0
E2003065410401880350EEDA,1,1,12380172,-49.5,0.141126232485479,182,0
E2003065410401880350EEDA,1,1,12403837,-49.5,0.134990309333936,182,0
E2003065410401880350EEDA,1,1,12440092,-49.5,0.165669925091649,208,0
E2003065410401880350EEDA,1,1,12464599,-49.5,0.122718463030851,78,0
E2003065410401880350EEDA,1,1,12502206,-49.5,0.159534001940107,130,0
E2003065410401880350EEDA,1,1,12529524,-49.5,0.177941771394734,273,0
E2003065410401880350EEDA,1,1,12563530,-49.5,0.159534001940107,208,0
E2003065410401880350EEDA,1,1,12590623,-49.5,0.177941771394734,247,0
E2003065410401880350EEDA,1,1,12623259,-49.5,0.177941771394734,208,0
E2003065410401880350EEDA,1,1,12653248,-49.5,0.122718463030851,-104,0
E2003065410401880350EEDA,1,1,12688611,-49.5,0.177941771394734,299,0
E2003065410401880350EEDA,1,1,12711262,-49,0.190213617697819,221,0
E2003065410401880350EEDA,1,1,12746368,-49.5,0.165669925091649,78,0
E2003065410401880350EEDA,1,1,12774957,-49,0.184077694546277,299,0
E2003065410401880350EEDA,1,1,12810471,-49.5,0.165669925091649,221,0
E2003065410401880350EEDA,1,1,12837033,-49,0.122718463030851,52,0
E2003065410401880350EEDA,1,1,12872238,-49,0.177941771394734,273,0
E2003065410401880350EEDA,1,1,12896320,-49,0.165669925091649,208,0
E2003065410401880350EEDA,1,1,12932107,-49,0.134990309333936,130,0
E2003065410401880350EEDA,1,1,12959200,-49,0.177941771394734,221,0
E2003065410401880350EEDA,1,1,12992280,-49,0.122718463030851,182,0
E2003065410401880350EEDA,1,1,13021104,-49,0.104310693576224,0,0
E2003065410401880350EEDA,1,1,13053645,-49,0.0981747704246807,0,0
E2003065410401880350EEDA,1,1,13083555,-49,0.171805848243192,377,0
E2003065410401880350EEDA,1,1,13115516,-49,0.104310693576224,104,0
E2003065410401880350EEDA,1,1,13143752,-49,0.122718463030851,130,0
E2003065410401880350EEDA,1,1,13175201,-49,0.110446616727766,52,0
E2003065410401880350EEDA,1,1,13204301,-49,0.134990309333936,247,0
E2003065410401880350EEDA,1,1,13239242,-49,0.116582539879309,130,0
E2003065410401880350EEDA,1,1,13266535,-49,0.122718463030851,130,0
E2003065410401880350EEDA,1,1,13306423,-49,0.104310693576224,-26,0
E2003065410401880350EEDA,1,1,13333352,-49,0.122718463030851,104,0
E2003065410401880350EEDA,1,1,13367329,-49,0.110446616727766,104,0
E2003065410401880350EEDA,1,1,13396270,-49,0.128854386182394,52,0
E2003065410401880350EEDA,1,1,13430831,-49,0.122718463030851,78,0
E2003065410401880350EEDA,1,1,13457021,-49,0.116582539879309,26,0
E2003065410401880350EEDA,1,1,13492014,-49,0.116582539879309,78,0
E2003065410401880350EEDA,1,1,13515826,-49,0.110446616727766,52,0
E2003065410401880350EEDA,1,1,13551900,-49,0.0981747704246807,52,0
E2003065410401880350EEDA,1,1,13577690,-49,0.110446616727766,104,0
E2003065410401880350EEDA,1,1,13614419,-48.5,0.104310693576224,26,0
E2003065410401880350EEDA,1,1,13641997,-49,0.122718463030851,104,0
E2003065410401880350EEDA,1,1,13676939,-49,0.0920388472731384,0,0
E2003065410401880350EEDA,1,1,13776566,-50.5,0.0797670009700537,0,0
E2003065410401880350EEDA,1,1,13827142,-49,0.0613592315154259,117,0
E2003065410401880350EEDA,1,1,13855801,-49,0.0613592315154259,52,0
E2003065410401880350EEDA,1,1,13937908,-49,0.0490873852123404,52,0
E2003065410401880350EEDA,1,1,14000921,-48.5,0.0859029241215961,156,0
E2003065410401880350EEDA,1,1,14034865,-48.5,0.0981747704246807,247,0
E2003065410401880350EEDA,1,1,14063507,-49,0.042951462060798,130,0
E2003065410401880350EEDA,1,1,14098726,-48,0.0184077694546279,-221,0
E2003065410401880350EEDA,1,1,14125143,-49,0.0613592315154259,182,0
E2003065410401880350EEDA,1,1,14163681,-48.5,0.0245436926061702,78,0
E2003065410401880350EEDA,1,1,14234133,-49,0.0122718463030855,78,0
E2003065410401880350EEDA,1,1,14260210,-49,6.28318530717959,-26,0
E2003065410401880350EEDA,1,1,14292450,-49,0.00613592315154232,104,0
E2003065410401880350EEDA,1,1,14321507,-49,0.00613592315154232,78,0
E2003065410401880350EEDA,1,1,14356411,-49,6.2709134608765,78,0
E2003065410401880350EEDA,1,1,14422637,-49,6.27704938402804,52,0
E2003065410401880350EEDA,1,1,14448161,-49,0.0368155389092557,299,0
E2003065410401880350EEDA,1,1,14483994,-49,0.00613592315154232,130,0
E2003065410401880350EEDA,1,1,14509390,-49,6.28318530717959,156,0
E2003065410401880350EEDA,1,1,14544410,-48.5,6.25864161457342,78,0
E2003065410401880350EEDA,1,1,14569512,-49,6.24023384511879,52,0
E2003065410401880350EEDA,1,1,14606402,-48.5,6.25864161457342,182,0
E2003065410401880350EEDA,1,1,14633470,-49,6.25250569142187,221,0
E2003065410401880350EEDA,1,1,14664881,-49,6.2279619988157,52,0
E2003065410401880350EEDA,1,1,14692255,-49,6.25250569142187,299,0
E2003065410401880350EEDA,1,1,14731461,-49,6.19728238305799,117,0
E2003065410401880350EEDA,1,1,14758115,-48.5,6.19114645990645,208,0
E2003065410401880350EEDA,1,1,14802281,-48.5,6.17887461360336,104,0
E2003065410401880350EEDA,1,1,14834652,-48,6.14819499784565,247,0
E2003065410401880350EEDA,1,1,14868739,-48.5,6.15433092099719,429,0
E2003065410401880350EEDA,1,1,14895891,-48.5,6.16046684414874,208,0
E2003065410401880350EEDA,1,1,14928239,-48.5,6.16046684414874,208,0
E2003065410401880350EEDA,1,1,14954151,-48.5,6.14205907469411,221,0
E2003065410401880350EEDA,1,1,14992187,-48.5,6.07456392002714,-104,0
E2003065410401880350EEDA,1,1,15020065,-49,6.11751538208794,221,0
E2003065410401880350EEDA,1,1,15053979,-48.5,6.11751538208794,104,0
E2003065410401880350EEDA,1,1,15081277,-48.5,6.11751538208794,52,0
E2003065410401880350EEDA,1,1,15117500,-48.5,6.11137945893639,52,0
E2003065410401880350EEDA,1,1,15144815,-48.5,6.12978722839102,221,0
E2003065410401880350EEDA,1,1,15178621,-48.5,6.11137945893639,208,0
E2003065410401880350EEDA,1,1,15220193,-48.5,6.10524353578485,104,0
E2003065410401880350EEDA,1,1,15255830,-48.5,6.09297168948177,182,0
E2003065410401880350EEDA,1,1,15283068,-48.5,6.10524353578485,52,0
E2003065410401880350EEDA,1,1,15316076,-48.5,6.09297168948177,247,0
E2003065410401880350EEDA,1,1,15342986,-48.5,6.04388430426943,-26,0
E2003065410401880350EEDA,1,1,15376112,-48.5,6.00706876536017,-52,0
E2003065410401880350EEDA,1,1,15405748,-48.5,6.00706876536017,0,0
E2003065410401880350EEDA,1,1,15439105,-48.5,6.06229207372405,299,0
E2003065410401880350EEDA,1,1,15466054,-48.5,6.03161245796634,104,0
E2003065410401880350EEDA,1,1,15503097,-48.5,6.01320468851171,78,0
E2003065410401880350EEDA,1,1,15530436,-48.5,6.00706876536017,130,0
E2003065410401880350EEDA,1,1,15562246,-49,6.04388430426943,390,0
E2003065410401880350EEDA,1,1,15588960,-48.5,5.982525072754,78,0
E2003065410401880350EEDA,1,1,15625041,-48.5,5.92730176439012,-130,0
E2003065410401880350EEDA,1,1,15651805,-48.5,6.00093284220863,208,0
E2003065410401880350EEDA,1,1,15686674,-48.5,5.982525072754,299,0
E2003065410401880350EEDA,1,1,15712177,-49,5.97025322645092,221,0
E2003065410401880350EEDA,1,1,15750668,-48.5,5.92730176439012,52,0
E2003065410401880350EEDA,1,1,15777019,-48.5,5.87821437917778,-156,0
E2003065410401880350EEDA,1,1,15813950,-48.5,5.93343768754166,156,0
E2003065410401880350EEDA,1,1,15838166,-48.5,5.89048622548086,26,0
E2003065410401880350EEDA,1,1,15873587,-48.5,5.83526291711698,-156,0
E2003065410401880350EEDA,1,1,15899640,-48.5,5.87821437917778,52,0
E2003065410401880350EEDA,1,1,15934091,-48.5,5.86594253287469,130,0
E2003065410401880350EEDA,1,1,15961187,-48.5,5.85980660972315,26,0
E2003065410401880350EEDA,1,1,15999187,-48.5,5.82299107081389,78,0
E2003065410401880350EEDA,1,1,16024878,-49,5.84139884026852,156,0
E2003065410401880350EEDA,1,1,16057992,-48.5,5.82912699396544,130,0
E2003065410401880350EEDA,1,1,16085236,-48.5,5.78617553190464,0,0
E2003065410401880350EEDA,1,1,16119366,-49,5.82299107081389,221,0
E2003065410401880350EEDA,1,1,16145606,-49,5.78617553190464,78,0
E2003065410401880350EEDA,1,1,16180390,-49,5.76776776245001,26,0
E2003065410401880350EEDA,1,1,16209340,-49,5.76776776245001,156,0
E2003065410401880350EEDA,1,1,16242736,-49,5.74935999299538,156,0
E2003065410401880350EEDA,1,1,16267378,-49,5.72481630038921,104,0
E2003065410401880350EEDA,1,1,16303438,-49,5.70640853093458,104,0
E2003065410401880350EEDA,1,1,16331283,-49.5,5.7370881466923,195,0
E2003065410401880350EEDA,1,1,16366354,-49,5.65732114572224,-52,0
E2003065410401880350EEDA,1,1,16390546,-49,5.70027260778304,156,0
E2003065410401880350EEDA,1,1,16425047,-49,5.62664152996453,-78,0
E2003065410401880350EEDA,1,1,16450272,-49,5.66959299202533,26,0
E2003065410401880350EEDA,1,1,16484324,-49,5.67572891517687,130,0
E2003065410401880350EEDA,1,1,16511638,-50,5.66959299202533,312,0
E2003065410401880350EEDA,1,1,16547831,-49.5,5.6082337605099,26,0
E2003065410401880350EEDA,1,1,16575706,-49.5,5.58369006790373,26,0
E2003065410401880350EEDA,1,1,16611713,-49.5,5.61436968366145,208,0
E2003065410401880350EEDA,1,1,16637510,-50,5.59596191420682,195,0
E2003065410401880350EEDA,1,1,16672572,-49.5,5.51005899008522,0,0
E2003065410401880350EEDA,1,1,16696451,-50,5.56528229844911,260,0
E2003065410401880350EEDA,1,1,16730674,-50,5.55914637529756,169,0
E2003065410401880350EEDA,1,1,16760003,-49.5,5.52846675953985,104,0
E2003065410401880350EEDA,1,1,16795839,-49.5,5.52233083638831,156,0
E2003065410401880350EEDA,1,1,16823128,-50,5.43642791226671,-182,0
E2003065410401880350EEDA,1,1,16857183,-50,5.43642791226671,-104,0
E2003065410401880350EEDA,1,1,16883897,-49.5,5.47937937432751,156,0
E2003065410401880350EEDA,1,1,16918187,-49.5,5.43029198911517,26,0
E2003065410401880350EEDA,1,1,16941520,-50,5.43642791226671,104,0
E2003065410401880350EEDA,1,1,16979309,-50,5.39347645020591,-52,0
E2003065410401880350EEDA,1,1,17003799,-50,5.44256383541826,221,0
E2003065410401880350EEDA,1,1,17039260,-50,5.42415606596363,364,0
E2003065410401880350EEDA,1,1,17065129,-49.5,5.38120460390283,156,0
E2003065410401880350EEDA,1,1,17127510,-50,5.30143760293278,0,0
E2003065410401880350EEDA,1,1,17152893,-50,5.33211721869049,208,0
E2003065410401880350EEDA,1,1,17187147,-49.5,5.27689391032661,26,0
E2003065410401880350EEDA,1,1,17214785,-49.5,5.31370944923586,130,0
E2003065410401880350EEDA,1,1,17249476,-50,5.22167060196272,-156,0
E2003065410401880350EEDA,1,1,17277288,-50,5.27689391032661,143,0
E2003065410401880350EEDA,1,1,17309780,-50,5.2032628325081,-104,0
E2003065410401880350EEDA,1,1,17335755,-50,5.21553467881118,104,0
E2003065410401880350EEDA,1,1,17370675,-50,5.19099098620501,52,0
E2003065410401880350EEDA,1,1,17397161,-50,5.18485506305347,52,0
E2003065410401880350EEDA,1,1,17429982,-50,5.16644729359884,26,0
E2003065410401880350EEDA,1,1,17460813,-50,5.17258321675038,182,0
E2003065410401880350EEDA,1,1,17491673,-50,5.14190360099267,52,0
E2003065410401880350EEDA,1,1,17521487,-50,5.12963175468958,130,0
E2003065410401880350EEDA,1,1,17552597,-50,5.12963175468958,130,0
E2003065410401880350EEDA,1,1,17582875,-50,5.1173599083865,104,0
E2003065410401880350EEDA,1,1,17616691,-50,5.09895213893187,130,0
E2003065410401880350EEDA,1,1,17644613,-50.5,5.09281621578033,78,0
E2003065410401880350EEDA,1,1,17679374,-50,5.04372883056799,-52,0
E2003065410401880350EEDA,1,1,17704969,-50,5.08054436947724,247,0
E2003065410401880350EEDA,1,1,17740770,-50.5,4.98236959905256,-156,0
E2003065410401880350EEDA,1,1,17765967,-50.5,5.05600067687107,221,0
E2003065410401880350EEDA,1,1,17801919,-50.5,5.00077736850719,182,0
E2003065410401880350EEDA,1,1,17826619,-50.5,4.9885055222041,247,0
E2003065410401880350EEDA,1,1,17858824,-50.5,4.93941813699176,78,0
E2003065410401880350EEDA,1,1,17887262,-50.5,4.95782590644639,221,0
E2003065410401880350EEDA,1,1,17920405,-50.5,4.91487444438559,104,0
E2003065410401880350EEDA,1,1,17946687,-50.5,4.85351521287017,-52,0
E2003065410401880350EEDA,1,1,17983819,-51,4.88419482862788,130,0
E2003065410401880350EEDA,1,1,18011111,-51,4.88419482862788,182,0
E2003065410401880350EEDA,1,1,18045198,-51,4.86578705917325,78,0
E2003065410401880350EEDA,1,1,18073432,-51,4.85351521287017,182,0
E2003065410401880350EEDA,1,1,18108709,-51,4.83510744341554,221,0
E2003065410401880350EEDA,1,1,18131443,-51,4.85351521287017,351,0
E2003065410401880350EEDA,1,1,18169353,-51.5,4.81056375080937,104,0
E2003065410401880350EEDA,1,1,18196073,-51,4.828971520264,299,0
E2003065410401880350EEDA,1,1,18228220,-51.5,4.80442782765783,208,0
E2003065410401880350EEDA,1,1,18257892,-51.5,4.74920451929395,130,0
E2003065410401880350EEDA,1,1,18293503,-52,4.73693267299086,52,0
E2003065410401880350EEDA,1,1,18319451,-51.5,4.71852490353623,182,0
E2003065410401880350EEDA,1,1,18353050,-51.5,4.71852490353623,130,0
E2003065410401880350EEDA,1,1,18378226,-51.5,4.70625305723315,78,0
E2003065410401880350EEDA,1,1,18414315,-52,4.67557344147543,208,0
E2003065410401880350EEDA,1,1,18441993,-51.5,4.68170936462698,299,0
E2003065410401880350EEDA,1,1,18474569,-51.5,4.68784528777852,325,0
E2003065410401880350EEDA,1,1,18498654,-51.5,4.60807828680847,104,0
E2003065410401880350EEDA,1,1,18535855,-51.5,4.5835345942023,208,0
E2003065410401880350EEDA,1,1,18562255,-51.5,4.62648605626309,351,0
E2003065410401880350EEDA,1,1,18596579,-52,4.57739867105075,156,0
E2003065410401880350EEDA,1,1,18623442,-52,4.52831128583841,143,0
E2003065410401880350EEDA,1,1,18655731,-51.5,4.55899090159613,273,0
E2003065410401880350EEDA,1,1,18680173,-51.5,4.5405831321415,208,0
E2003065410401880350EEDA,1,1,18717557,-51.5,4.50990351638379,221,0
E2003065410401880350EEDA,1,1,18741657,-52,4.50990351638379,156,0
E2003065410401880350EEDA,1,1,18778956,-52,4.47922390062607,156,0
E2003065410401880350EEDA,1,1,18806624,-52,4.48535982377761,182,0
E2003065410401880350EEDA,1,1,18840099,-52.5,4.48535982377761,247,0
E2003065410401880350EEDA,1,1,18868106,-52,4.4976316700807,351,0
E2003065410401880350EEDA,1,1,18899509,-51.5,4.46081613117144,156,0
E2003065410401880350EEDA,1,1,18929204,-52,4.47922390062607,325,0
E2003065410401880350EEDA,1,1,18964296,-52,4.43013651541373,156,0
E2003065410401880350EEDA,1,1,18994216,-52.5,4.46081613117144,351,0
E2003065410401880350EEDA,1,1,19031559,-52.5,4.4117287459591,247,0
E2003065410401880350EEDA,1,1,19057547,-52.5,4.43013651541373,351,0
E2003065410401880350EEDA,1,1,19091261,-52.5,4.43627243856527,351,0
E2003065410401880350EEDA,1,1,19117893,-52,4.37491320704985,130,0
E2003065410401880350EEDA,1,1,19150835,-52.5,4.36264136074676,247,0
E2003065410401880350EEDA,1,1,19180665,-52.5,4.32582582183751,221,0
E2003065410401880350EEDA,1,1,19215871,-52.5,4.36264136074676,325,0
E2003065410401880350EEDA,1,1,19240643,-52.5,4.34423359129214,403,0
E2003065410401880350EEDA,1,1,19275750,-53,4.30741805238288,221,0
E2003065410401880350EEDA,1,1,19304157,-52.5,4.2951462060798,247,0
E2003065410401880350EEDA,1,1,19338674,-52.5,4.28901028292825,299,0
E2003065410401880350EEDA,1,1,19362869,-53,4.30741805238288,377,0
E2003065410401880350EEDA,1,1,19395738,-53,4.252194744019,221,0
E2003065410401880350EEDA,1,1,19421673,-53,4.30128212923134,429,0
E2003065410401880350EEDA,1,1,19456576,-53.5,4.18469958935203,78,0
E2003065410401880350EEDA,1,1,19487213,-53.5,4.252194744019,299,0
E2003065410401880350EEDA,1,1,19521802,-54,4.23992289771591,416,0
E2003065410401880350EEDA,1,1,19547038,-53.5,4.27060251347362,481,0
E2003065410401880350EEDA,1,1,19581057,-54,4.22765105141283,559,0
E2003065410401880350EEDA,1,1,19608198,-54,4.22765105141283,299,0
E2003065410401880350EEDA,1,1,19640491,-54,4.24605882086745,403,0
E2003065410401880350EEDA,1,1,19668810,-54,4.24605882086745,455,0
E2003065410401880350EEDA,1,1,19702739,-54,4.19697143565511,377,0
E2003065410401880350EEDA,1,1,19728476,-54,4.18469958935203,299,0
E2003065410401880350EEDA,1,1,19760325,-54.5,4.17242774304894,429,0
E2003065410401880350EEDA,1,1,19790932,-54.5,4.17242774304894,403,0
E2003065410401880350EEDA,1,1,19824421,-55,4.15401997359432,403,0
E2003065410401880350EEDA,1,1,19852432,-54.5,4.12947628098815,325,0
E2003065410401880350EEDA,1,1,19888118,-55,4.12947628098815,377,0
E2003065410401880350EEDA,1,1,19915503,-54.5,4.11106851153352,377,0
E2003065410401880350EEDA,1,1,19947996,-55,4.10493258838198,533,0
E2003065410401880350EEDA,1,1,19972213,-55,4.06811704947272,403,0
E2003065410401880350EEDA,1,1,20009345,-55.5,4.04970928001809,351,0
E2003065410401880350EEDA,1,1,20035560,-55.5,4.0067578179573,221,0
E2003065410401880350EEDA,1,1,20068196,-55.5,4.06811704947272,325,0
E2003065410401880350EEDA,1,1,20094508,-55.5,4.09879666523043,403,0
E2003065410401880350EEDA,1,1,20132180,-56,4.04357335686655,299,0
E2003065410401880350EEDA,1,1,20155472,-55.5,4.01902966426038,247,0
E2003065410401880350EEDA,1,1,20191419,-55.5,4.04357335686655,377,0
E2003065410401880350EEDA,1,1,20216615,-56,4.02516558741192,247,0
E2003065410401880350EEDA,1,1,20251421,-56,3.95767043274495,-26,0
E2003065410401880350EEDA,1,1,20279055,-56.5,4.08038889577581,638,0
E2003065410401880350EEDA,1,1,20311695,-56,4.11106851153352,559,0
E2003065410401880350EEDA,1,1,20343147,-56.5,4.1233403578366,729,0
E2003065410401880350EEDA,1,1,20374039,-56,4.03743743371501,325,0
E2003065410401880350EEDA,1,1,20402876,-56,4.04970928001809,221,0
E2003065410401880350EEDA,1,1,20438134,-56,4.03130151056346,299,0
E2003065410401880350EEDA,1,1,20461452,-56,4.07425297262426,533,0
E2003065410401880350EEDA,1,1,20497774,-56,4.11720443468506,585,0
E2003065410401880350EEDA,1,1,20526372,-56,4.06811704947272,481,0
E2003065410401880350EEDA,1,1,20559986,-56,4.01902966426038,351,0
E2003065410401880350EEDA,1,1,20585322,-56,4.06811704947272,403,0
E2003065410401880350EEDA,1,1,20618451,-56,4.06198112632118,533,0
E2003065410401880350EEDA,1,1,20647253,-55.5,4.02516558741192,429,0
E2003065410401880350EEDA,1,1,20681773,-56,4.05584520316964,481,0
E2003065410401880350EEDA,1,1,20705971,-56,4.06198112632118,325,0
E2003065410401880350EEDA,1,1,20740601,-56,4.03743743371501,273,0
E2003065410401880350EEDA,1,1,20771448,-55.5,4.06811704947272,455,0
E2003065410401880350EEDA,1,1,20801889,-56,4.04357335686655,299,0
E2003065410401880350EEDA,1,1,20830440,-56,4.11720443468506,755,0
E2003065410401880350EEDA,1,1,20864754,-56,4.1233403578366,611,0
E2003065410401880350EEDA,1,1,20916673,-56,4.10493258838198,403,0
E2003065410401880350EEDA,1,1,20951895,-55.5,4.11720443468506,677,0
E2003065410401880350EEDA,1,1,20975290,-56,4.16015589674586,638,0
E2003065410401880350EEDA,1,1,21010391,-56,4.1233403578366,703,0
E2003065410401880350EEDA,1,1,21035109,-56,4.07425297262426,403,0
E2003065410401880350EEDA,1,1,21070024,-56,4.09266074207889,559,0
E2003065410401880350EEDA,1,1,21096984,-56,4.04970928001809,507,0
E2003065410401880350EEDA,1,1,21131111,-56,4.01289374110884,273,0
E2003065410401880350EEDA,1,1,21158907,-56.5,4.08652481892735,559,0
E2003065410401880350EEDA,1,1,21194694,-56,4.05584520316964,325,0
E2003065410401880350EEDA,1,1,21221124,-56,4.04970928001809,351,0
E2003065410401880350EEDA,1,1,21255213,-56,4.03743743371501,351,0
E2003065410401880350EEDA,1,1,21281445,-56,4.05584520316964,325,0
E2003065410401880350EEDA,1,1,21317516,-56,3.96994227904804,130,0
E2003065410401880350EEDA,1,1,21343720,-56.5,4.06198112632118,364,0
E2003065410401880350EEDA,1,1,21374091,-56,3.97607820219958,78,0
E2003065410401880350EEDA,1,1,21404183,-56,4.12947628098815,807,0
E2003065410401880350EEDA,1,1,21437495,-56.5,4.00062189480575,182,0
E2003065410401880350EEDA,1,1,21461684,-56,4.03130151056346,325,0
E2003065410401880350EEDA,1,1,21497282,-56,4.08652481892735,429,0
E2003065410401880350EEDA,1,1,21525298,-56,4.12947628098815,651,0
E2003065410401880350EEDA,1,1,21559905,-56,4.1233403578366,559,0
E2003065410401880350EEDA,1,1,21583867,-56,4.02516558741192,247,0
E2003065410401880350EEDA,1,1,21620197,-55.5,4.09266074207889,429,0
E2003065410401880350EEDA,1,1,21648298,-56,4.04970928001809,273,0
E2003065410401880350EEDA,1,1,21679429,-56,4.08038889577581,481,0
E2003065410401880350EEDA,1,1,21707588,-56,4.07425297262426,481,0
E2003065410401880350EEDA,1,1,21742191,-56,4.05584520316964,403,0
E2003065410401880350EEDA,1,1,21768964,-56,4.04357335686655,403,0
E2003065410401880350EEDA,1,1,21802655,-56,4.07425297262426,455,0
E2003065410401880350EEDA,1,1,21831948,-56,4.08652481892735,729,0
E2003065410401880350EEDA,1,1,21865121,-56,4.08038889577581,559,0
E2003065410401880350EEDA,1,1,21889791,-56,4.03130151056346,403,0
E2003065410401880350EEDA,1,1,21927163,-56,4.03130151056346,351,0
E2003065410401880350EEDA,1,1,21955335,-56,4.06811704947272,377,0
